[{"model": "contenttypes.contenttype", "fields": {"app_label": "admin", "model": "logentry"}}, {"model": "contenttypes.contenttype", "fields": {"app_label": "auth", "model": "permission"}}, {"model": "contenttypes.contenttype", "fields": {"app_label": "auth", "model": "group"}}, {"model": "contenttypes.contenttype", "fields": {"app_label": "auth", "model": "user"}}, {"model": "contenttypes.contenttype", "fields": {"app_label": "contenttypes", "model": "contenttype"}}, {"model": "contenttypes.contenttype", "fields": {"app_label": "sessions", "model": "session"}}, {"model": "contenttypes.contenttype", "fields": {"app_label": "api", "model": "adminuser"}}, {"model": "contenttypes.contenttype", "fields": {"app_label": "api", "model": "subscriptiontype"}}, {"model": "contenttypes.contenttype", "fields": {"app_label": "api", "model": "telegramuser"}}, {"model": "contenttypes.contenttype", "fields": {"app_label": "api", "model": "useraction"}}, {"model": "contenttypes.contenttype", "fields": {"app_label": "api", "model": "usersubscription"}}, {"model": "contenttypes.contenttype", "fields": {"app_label": "api", "model": "actiontype"}}, {"model": "contenttypes.contenttype", "fields": {"app_label": "api", "model": "aimodel"}}, {"model": "contenttypes.contenttype", "fields": {"app_label": "authtoken", "model": "token"}}, {"model": "contenttypes.contenttype", "fields": {"app_label": "authtoken", "model": "tokenproxy"}}, {"model": "contenttypes.contenttype", "fields": {"app_label": "api", "model": "userpromocode"}}, {"model": "contenttypes.contenttype", "fields": {"app_label": "api", "model": "admintelegramuser"}}, {"model": "contenttypes.contenttype", "fields": {"app_label": "api", "model": "payment"}}, {"model": "sessions.session", "pk": "bpsg6nfjt9syzlu7utngjr206a2q4m4u", "fields": {"session_data": ".eJxVjEEOwiAQRe_C2hCBcQou3XsGMjCDVA1NSrsy3l2bdKHb_977LxVpXWpcu8xxZHVWRh1-t0T5IW0DfKd2m3Se2jKPSW-K3mnX14nledndv4NKvX7rYzJUTM6cLHkLYDO4YoMY9mXAgswFEIIAIgi54ND4XKzD00AchNX7A_Z8OEA:1tNXIL:-z2WCqJRN_WQc5atHcXvKi13nVlHGitbgP5vF_2SZL4", "expire_date": "2024-12-31T16:07:25.591"}}, {"model": "sessions.session", "pk": "bvu07d7khpinoz6tnwqqwy7n11lpddgl", "fields": {"session_data": ".eJxVjEEOwiAQRe_C2hCBcQou3XsGMjCDVA1NSrsy3l2bdKHb_977LxVpXWpcu8xxZHVWRh1-t0T5IW0DfKd2m3Se2jKPSW-K3mnX14nledndv4NKvX7rYzJUTM6cLHkLYDO4YoMY9mXAgswFEIIAIgi54ND4XKzD00AchNX7A_Z8OEA:1tu9qL:9VdOV_0jTOBd6BZa1wfryx368_7_P60U_OKT5KrQwzc", "expire_date": "2025-03-31T15:45:21.927"}}, {"model": "sessions.session", "pk": "ej4fsamgkior5o0vkitgn4osmkvyqy4w", "fields": {"session_data": ".eJxVjEEOwiAQRe_C2hCBcQou3XsGMjCDVA1NSrsy3l2bdKHb_977LxVpXWpcu8xxZHVWRh1-t0T5IW0DfKd2m3Se2jKPSW-K3mnX14nledndv4NKvX7rYzJUTM6cLHkLYDO4YoMY9mXAgswFEIIAIgi54ND4XKzD00AchNX7A_Z8OEA:1tN87Y:Zxt_-6PbnRfQgshiI0c4zWKQ8F0vVCYWS310Ha6S56k", "expire_date": "2024-12-30T13:14:36.839"}}, {"model": "sessions.session", "pk": "nm31qft8u6ozshm0the8ypw4s059pa8k", "fields": {"session_data": ".eJxVjEEOwiAQRe_C2hCBcQou3XsGMjCDVA1NSrsy3l2bdKHb_977LxVpXWpcu8xxZHVWRh1-t0T5IW0DfKd2m3Se2jKPSW-K3mnX14nledndv4NKvX7rYzJUTM6cLHkLYDO4YoMY9mXAgswFEIIAIgi54ND4XKzD00AchNX7A_Z8OEA:1tdyPu:AQIMM_D6vdAVakiSqyPpKedLvZJCoNFDsaPwgIePalc", "expire_date": "2025-02-15T00:19:10.817"}}, {"model": "sessions.session", "pk": "sl5t8zpega235kpeuthp70sttywzyyfo", "fields": {"session_data": ".eJxVjEEOwiAQRe_C2hCBcQou3XsGMjCDVA1NSrsy3l2bdKHb_977LxVpXWpcu8xxZHVWRh1-t0T5IW0DfKd2m3Se2jKPSW-K3mnX14nledndv4NKvX7rYzJUTM6cLHkLYDO4YoMY9mXAgswFEIIAIgi54ND4XKzD00AchNX7A_Z8OEA:1tjKyp:_phrgWIrjSNhxSQMeuzxuskvVAVg_7zkqpwH5TH7L5M", "expire_date": "2025-03-01T19:25:23.846"}}, {"model": "sessions.session", "pk": "tih3bfp2ownpkf4ycjr8h8qfbaju4k5i", "fields": {"session_data": ".eJxVjEEOwiAQRe_C2hCBcQou3XsGMjCDVA1NSrsy3l2bdKHb_977LxVpXWpcu8xxZHVWRh1-t0T5IW0DfKd2m3Se2jKPSW-K3mnX14nledndv4NKvX7rYzJUTM6cLHkLYDO4YoMY9mXAgswFEIIAIgi54ND4XKzD00AchNX7A_Z8OEA:1tTL5t:2D5-XuqG0XyQB1fO0dzAOIrixqOxBy5B1ndxq2m_iT0", "expire_date": "2025-01-16T16:18:33.535"}}, {"model": "sessions.session", "pk": "vzsvjtpz1y7xu85qwruvey8r9fsxmzzb", "fields": {"session_data": ".eJxVjEEOwiAQRe_C2hCBcQou3XsGMjCDVA1NSrsy3l2bdKHb_977LxVpXWpcu8xxZHVWRh1-t0T5IW0DfKd2m3Se2jKPSW-K3mnX14nledndv4NKvX7rYzJUTM6cLHkLYDO4YoMY9mXAgswFEIIAIgi54ND4XKzD00AchNX7A_Z8OEA:1tjHsW:WP2n15AQi17rW_M8fWvDxYHs3Z7jhtIjesMmqldtzJ8", "expire_date": "2025-03-01T16:06:40.542"}}, {"model": "sessions.session", "pk": "w73xj6ysrkt8vdxugp2yi50cgyt7d7a8", "fields": {"session_data": ".eJxVjEEOwiAQRe_C2hCBcQou3XsGMjCDVA1NSrsy3l2bdKHb_977LxVpXWpcu8xxZHVWRh1-t0T5IW0DfKd2m3Se2jKPSW-K3mnX14nledndv4NKvX7rYzJUTM6cLHkLYDO4YoMY9mXAgswFEIIAIgi54ND4XKzD00AchNX7A_Z8OEA:1tooAK:uBQVNA6G1QbnwzAoUtBiyCO4sFMS53_KiMtnp4ec8_M", "expire_date": "2025-03-16T21:35:52.143"}}, {"model": "api.telegramuser", "pk": 4, "fields": {"external_id": 6448501419, "username": "anton_bot_developer", "first_name": "Антон", "last_name": null, "balance": "5000.00", "created_at": "2024-12-17T00:01:09.095", "language": "ru", "referal": null, "is_banned": false}}, {"model": "api.telegramuser", "pk": 6, "fields": {"external_id": 703064521, "username": "akuzhev009", "first_name": "Артур", "last_name": null, "balance": "0.00", "created_at": "2024-12-22T16:51:41.271", "language": "ru", "referal": null, "is_banned": false}}, {"model": "api.telegramuser", "pk": 7, "fields": {"external_id": 5457110253, "username": null, "first_name": "Ma", "last_name": null, "balance": "0.00", "created_at": "2024-12-23T00:44:25.303", "language": "ru", "referal": null, "is_banned": false}}, {"model": "api.telegramuser", "pk": 8, "fields": {"external_id": 1387622969, "username": "Hiruj11", "first_name": "🖤", "last_name": null, "balance": "0.00", "created_at": "2024-12-23T10:23:57.596", "language": "ru", "referal": null, "is_banned": false}}, {"model": "api.telegramuser", "pk": 9, "fields": {"external_id": 6506731114, "username": "Aks123janu", "first_name": "Aaru", "last_name": null, "balance": "0.00", "created_at": "2024-12-24T11:47:19.455", "language": "ru", "referal": null, "is_banned": false}}, {"model": "api.telegramuser", "pk": 10, "fields": {"external_id": 1201766899, "username": "golubloh07", "first_name": "filet de poulet", "last_name": null, "balance": "0.00", "created_at": "2024-12-24T16:22:08.900", "language": "ru", "referal": null, "is_banned": false}}, {"model": "api.telegramuser", "pk": 11, "fields": {"external_id": 1032424648, "username": "VasylynaKey", "first_name": "Vasylyna", "last_name": null, "balance": "0.00", "created_at": "2024-12-24T16:22:09.497", "language": "ru", "referal": null, "is_banned": false}}, {"model": "api.telegramuser", "pk": 12, "fields": {"external_id": 654856766, "username": "ylmrz", "first_name": "Yuliana🤍", "last_name": null, "balance": "0.00", "created_at": "2024-12-25T23:27:51.360", "language": "ru", "referal": null, "is_banned": false}}, {"model": "api.telegramuser", "pk": 13, "fields": {"external_id": 5750703978, "username": "creodose2211", "first_name": ".", "last_name": null, "balance": "0.00", "created_at": "2025-01-02T17:29:40.286", "language": "ru", "referal": null, "is_banned": false}}, {"model": "api.telegramuser", "pk": 26, "fields": {"external_id": 6370375247, "username": "KozlovVvictor", "first_name": "💰Victor K.💸", "last_name": null, "balance": "0.00", "created_at": "2025-01-03T23:03:11.114", "language": "ru", "referal": null, "is_banned": false}}, {"model": "api.telegramuser", "pk": 27, "fields": {"external_id": 959464569, "username": "irochka_p1", "first_name": "Іра", "last_name": null, "balance": "0.00", "created_at": "2025-01-04T11:21:40.858", "language": "ru", "referal": null, "is_banned": false}}, {"model": "api.telegramuser", "pk": 28, "fields": {"external_id": 1381778809, "username": "We16_164re", "first_name": "Соломійка🥰", "last_name": null, "balance": "0.00", "created_at": "2025-01-05T21:58:57.596", "language": "ru", "referal": null, "is_banned": false}}, {"model": "api.telegramuser", "pk": 29, "fields": {"external_id": 7616182267, "username": null, "first_name": "Grace saved me by faith", "last_name": null, "balance": "0.00", "created_at": "2025-01-11T19:02:46.241", "language": "ru", "referal": null, "is_banned": false}}, {"model": "api.telegramuser", "pk": 30, "fields": {"external_id": 7341310552, "username": null, "first_name": "z", "last_name": null, "balance": "0.00", "created_at": "2025-01-13T14:01:19.199", "language": "ru", "referal": null, "is_banned": false}}, {"model": "api.telegramuser", "pk": 31, "fields": {"external_id": 7282865179, "username": null, "first_name": "engida", "last_name": null, "balance": "0.00", "created_at": "2025-01-14T15:00:34.138", "language": "ru", "referal": null, "is_banned": false}}, {"model": "api.telegramuser", "pk": 32, "fields": {"external_id": 6741612960, "username": null, "first_name": "Jabeessaa", "last_name": null, "balance": "0.00", "created_at": "2025-01-14T21:31:43.092", "language": "ru", "referal": null, "is_banned": false}}, {"model": "api.telegramuser", "pk": 33, "fields": {"external_id": 7125244883, "username": null, "first_name": "Bakhtiyarova", "last_name": null, "balance": "0.00", "created_at": "2025-01-19T22:46:05.875", "language": "ru", "referal": null, "is_banned": false}}, {"model": "api.telegramuser", "pk": 34, "fields": {"external_id": 6752612281, "username": null, "first_name": "N", "last_name": null, "balance": "0.00", "created_at": "2025-01-19T22:49:58.485", "language": "ru", "referal": null, "is_banned": false}}, {"model": "api.telegramuser", "pk": 35, "fields": {"external_id": 6816645459, "username": "xGHOSTEMANEx", "first_name": "Саван", "last_name": null, "balance": "0.00", "created_at": "2025-01-20T12:34:57.370", "language": "ru", "referal": null, "is_banned": false}}, {"model": "api.telegramuser", "pk": 36, "fields": {"external_id": 6285795668, "username": "Ochmaa8", "first_name": "Ochmaa", "last_name": null, "balance": "0.00", "created_at": "2025-01-30T00:11:19.324", "language": "ru", "referal": null, "is_banned": false}}, {"model": "api.telegramuser", "pk": 37, "fields": {"external_id": 1873647924, "username": null, "first_name": "Black panther 👀", "last_name": null, "balance": "0.00", "created_at": "2025-01-30T07:16:25.200", "language": "ru", "referal": null, "is_banned": false}}, {"model": "api.telegramuser", "pk": 38, "fields": {"external_id": 1247074848, "username": "Amirali14021402", "first_name": "░A░m░i░r░a░l░99999999999", "last_name": null, "balance": "0.00", "created_at": "2025-02-02T09:19:05.990", "language": "ru", "referal": null, "is_banned": false}}, {"model": "api.telegramuser", "pk": 39, "fields": {"external_id": 6565957568, "username": "neuuzer", "first_name": "N", "last_name": null, "balance": "0.00", "created_at": "2025-02-02T22:19:39.861", "language": "ru", "referal": null, "is_banned": false}}, {"model": "api.telegramuser", "pk": 40, "fields": {"external_id": 395162243, "username": "APLUS2112", "first_name": "Lu", "last_name": null, "balance": "0.00", "created_at": "2025-02-05T19:38:45.454", "language": "ru", "referal": null, "is_banned": false}}, {"model": "api.telegramuser", "pk": 41, "fields": {"external_id": 7108317408, "username": "aaandrey23", "first_name": "Андрей", "last_name": null, "balance": "0.00", "created_at": "2025-02-06T10:07:12.881", "language": "ru", "referal": null, "is_banned": false}}, {"model": "api.telegramuser", "pk": 42, "fields": {"external_id": 7042258256, "username": null, "first_name": "Юлиана", "last_name": null, "balance": "0.00", "created_at": "2025-02-07T16:08:02.040", "language": "ru", "referal": 12, "is_banned": false}}, {"model": "api.telegramuser", "pk": 43, "fields": {"external_id": 1909130936, "username": null, "first_name": "Manish", "last_name": null, "balance": "0.00", "created_at": "2025-02-12T17:24:55.572", "language": "ru", "referal": null, "is_banned": false}}, {"model": "api.telegramuser", "pk": 44, "fields": {"external_id": 6156541053, "username": null, "first_name": "✨", "last_name": null, "balance": "0.00", "created_at": "2025-02-12T17:24:55.587", "language": "ru", "referal": null, "is_banned": false}}, {"model": "api.telegramuser", "pk": 50, "fields": {"external_id": 7759431333, "username": null, "first_name": "Mitiku", "last_name": null, "balance": "0.00", "created_at": "2025-02-21T12:31:01.631", "language": "ru", "referal": null, "is_banned": false}}, {"model": "api.telegramuser", "pk": 51, "fields": {"external_id": 7126152702, "username": null, "first_name": "Naitik", "last_name": null, "balance": "0.00", "created_at": "2025-02-25T19:13:37.781", "language": "ru", "referal": null, "is_banned": false}}, {"model": "api.telegramuser", "pk": 52, "fields": {"external_id": 6805929273, "username": "cortex_ai_asiss", "first_name": "Cortex", "last_name": null, "balance": "0.00", "created_at": "2025-02-27T13:11:18.694", "language": "ru", "referal": null, "is_banned": false}}, {"model": "api.telegramuser", "pk": 53, "fields": {"external_id": 5182067568, "username": null, "first_name": "Omar", "last_name": null, "balance": "0.00", "created_at": "2025-02-27T19:40:48.402", "language": "ru", "referal": null, "is_banned": false}}, {"model": "api.telegramuser", "pk": 54, "fields": {"external_id": 6742793764, "username": null, "first_name": "Rajasthani", "last_name": null, "balance": "0.00", "created_at": "2025-02-28T11:31:32.930", "language": "ru", "referal": null, "is_banned": false}}, {"model": "api.telegramuser", "pk": 55, "fields": {"external_id": 5756901874, "username": "Kingbvn", "first_name": "Ashok saran", "last_name": null, "balance": "0.00", "created_at": "2025-02-28T15:27:53.856", "language": "ru", "referal": null, "is_banned": false}}, {"model": "api.telegramuser", "pk": 56, "fields": {"external_id": 853923772, "username": "anchovik", "first_name": "Аннушка", "last_name": null, "balance": "0.00", "created_at": "2025-03-02T17:00:12.679", "language": "ru", "referal": null, "is_banned": false}}, {"model": "api.telegramuser", "pk": 57, "fields": {"external_id": 6106106770, "username": null, "first_name": "A", "last_name": null, "balance": "0.00", "created_at": "2025-03-03T14:16:13.459", "language": "ru", "referal": null, "is_banned": false}}, {"model": "api.telegramuser", "pk": 58, "fields": {"external_id": 7916391860, "username": "uospayx", "first_name": "marvvvi", "last_name": null, "balance": "0.00", "created_at": "2025-03-03T14:16:13.478", "language": "ru", "referal": null, "is_banned": false}}, {"model": "api.telegramuser", "pk": 59, "fields": {"external_id": 6196762066, "username": null, "first_name": "Harish", "last_name": null, "balance": "0.00", "created_at": "2025-03-03T18:30:25.783", "language": "ru", "referal": null, "is_banned": false}}, {"model": "api.telegramuser", "pk": 60, "fields": {"external_id": 5525102376, "username": "rutaf_lower", "first_name": "Ruth", "last_name": null, "balance": "0.00", "created_at": "2025-03-06T00:15:53.507", "language": "ru", "referal": null, "is_banned": false}}, {"model": "api.telegramuser", "pk": 61, "fields": {"external_id": 2116054351, "username": null, "first_name": "Hanita🦋🦋", "last_name": null, "balance": "0.00", "created_at": "2025-03-06T10:26:09.665", "language": "ru", "referal": null, "is_banned": false}}, {"model": "api.telegramuser", "pk": 62, "fields": {"external_id": 784540452, "username": "Maintof", "first_name": "Maksim Lovygin", "last_name": null, "balance": "0.00", "created_at": "2025-03-08T16:16:47.941", "language": "ru", "referal": null, "is_banned": false}}, {"model": "api.telegramuser", "pk": 63, "fields": {"external_id": 848256868, "username": "mushroomsalwayscry", "first_name": "Настюшка Веселова 🐾", "last_name": null, "balance": "0.00", "created_at": "2025-03-09T16:36:19.587", "language": "ru", "referal": null, "is_banned": false}}, {"model": "api.telegramuser", "pk": 64, "fields": {"external_id": 7567712885, "username": "v3xles", "first_name": "Aa", "last_name": null, "balance": "0.00", "created_at": "2025-03-10T06:55:47.720", "language": "ru", "referal": null, "is_banned": false}}, {"model": "api.telegramuser", "pk": 65, "fields": {"external_id": 225529144, "username": "igor_just_igor", "first_name": "I", "last_name": null, "balance": "0.00", "created_at": "2025-03-13T22:38:08.240", "language": "ru", "referal": null, "is_banned": false}}, {"model": "api.telegramuser", "pk": 66, "fields": {"external_id": 6575593488, "username": "Z_RUSSlA", "first_name": "Александр", "last_name": null, "balance": "0.00", "created_at": "2025-03-13T23:14:01.970", "language": "ru", "referal": null, "is_banned": false}}, {"model": "api.telegramuser", "pk": 67, "fields": {"external_id": 7073599526, "username": null, "first_name": "Naaz 👑 Queen", "last_name": null, "balance": "0.00", "created_at": "2025-03-19T22:28:08.950", "language": "ru", "referal": null, "is_banned": false}}, {"model": "api.aimodel", "pk": 1, "fields": {"name": "⚡️GPT-4o-mini", "open_ai_name": "gpt-4o-mini"}}, {"model": "api.aimodel", "pk": 2, "fields": {"name": "⚡️GPT-4o", "open_ai_name": "gpt-4o"}}, {"model": "api.aimodel", "pk": 3, "fields": {"name": "GPT-4 Turbo", "open_ai_name": "gpt-4-turbo"}}, {"model": "api.aimodel", "pk": 5, "fields": {"name": "o3-mini", "open_ai_name": "o3-mini"}}, {"model": "api.actiontype", "pk": 1, "fields": {"name": "code_helper"}}, {"model": "api.actiontype", "pk": 2, "fields": {"name": "abstract_writer"}}, {"model": "api.actiontype", "pk": 3, "fields": {"name": "course_work_helper"}}, {"model": "api.actiontype", "pk": 4, "fields": {"name": "final_paper_helper"}}, {"model": "api.actiontype", "pk": 5, "fields": {"name": "photo_issue_helper"}}, {"model": "api.actiontype", "pk": 6, "fields": {"name": "chart_creator_helper"}}, {"model": "api.actiontype", "pk": 7, "fields": {"name": "power_point_helper"}}, {"model": "api.actiontype", "pk": 8, "fields": {"name": "default_mode"}}, {"model": "api.actiontype", "pk": 9, "fields": {"name": "rewriting_helper"}}, {"model": "api.actiontype", "pk": 10, "fields": {"name": "essay_helper"}}, {"model": "api.useraction", "pk": 79, "fields": {"input_tokens": 251, "output_tokens": 25, "model": 1, "prompt": "Спасибо", "action_type": 8, "user": 33, "created_at": "2025-01-19T22:49:57.874", "updated_at": "2025-01-19T22:49:57.875"}}, {"model": "api.useraction", "pk": 172, "fields": {"input_tokens": 23879, "output_tokens": 4279, "model": 2, "prompt": "Цифровые деньги в современной мировой валютно-финансовой системе", "action_type": 2, "user": 12, "created_at": "2025-02-07T16:13:12.393", "updated_at": "2025-02-07T16:13:12.393"}}, {"model": "api.useraction", "pk": 173, "fields": {"input_tokens": 28817, "output_tokens": 4648, "model": 2, "prompt": "Цифровые деньги в современной мировой валютно-финансовой системе", "action_type": 2, "user": 42, "created_at": "2025-02-07T16:14:40.606", "updated_at": "2025-02-07T16:14:40.606"}}, {"model": "api.useraction", "pk": 174, "fields": {"input_tokens": 1363, "output_tokens": 471, "model": 2, "prompt": "Реши", "action_type": 8, "user": 12, "created_at": "2025-02-07T16:16:43.398", "updated_at": "2025-02-07T16:16:43.398"}}, {"model": "api.useraction", "pk": 175, "fields": {"input_tokens": 1382, "output_tokens": 462, "model": 2, "prompt": "Цифровые деньги в современной мировой валютно-финансовой системе", "action_type": 8, "user": 12, "created_at": "2025-02-07T16:24:03.097", "updated_at": "2025-02-07T16:24:03.097"}}, {"model": "api.useraction", "pk": 176, "fields": {"input_tokens": 1401, "output_tokens": 564, "model": 2, "prompt": "Цифровые деньги в современной мировой валютно-финансовой системе", "action_type": 8, "user": 12, "created_at": "2025-02-07T16:24:36.750", "updated_at": "2025-02-07T16:24:36.750"}}, {"model": "api.useraction", "pk": 177, "fields": {"input_tokens": 1420, "output_tokens": 538, "model": 2, "prompt": "Цифровые деньги в современной мировой валютно-финансовой системе", "action_type": 8, "user": 12, "created_at": "2025-02-07T16:24:56.978", "updated_at": "2025-02-07T16:24:56.978"}}, {"model": "api.useraction", "pk": 260, "fields": {"input_tokens": 226, "output_tokens": 342, "model": 2, "prompt": "Аллаха", "action_type": 8, "user": 12, "created_at": "2025-02-20T01:40:00.660", "updated_at": "2025-02-20T01:40:00.660"}}, {"model": "api.useraction", "pk": 273, "fields": {"input_tokens": 224, "output_tokens": 26, "model": 2, "prompt": "hi", "action_type": 8, "user": 52, "created_at": "2025-02-27T13:11:47.617", "updated_at": "2025-02-27T13:11:47.617"}}, {"model": "api.useraction", "pk": 274, "fields": {"input_tokens": 233, "output_tokens": 73, "model": 2, "prompt": "are you supported which ai", "action_type": 8, "user": 52, "created_at": "2025-02-27T13:12:03.175", "updated_at": "2025-02-27T13:12:03.175"}}, {"model": "api.useraction", "pk": 275, "fields": {"input_tokens": 243, "output_tokens": 80, "model": 2, "prompt": "are you supported which llm", "action_type": 8, "user": 52, "created_at": "2025-02-27T13:12:25.018", "updated_at": "2025-02-27T13:12:25.018"}}, {"model": "api.useraction", "pk": 276, "fields": {"input_tokens": 227, "output_tokens": 29, "model": 2, "prompt": "Can you see image", "action_type": 8, "user": 53, "created_at": "2025-02-27T19:41:38.536", "updated_at": "2025-02-27T19:41:38.536"}}, {"model": "api.useraction", "pk": 364, "fields": {"input_tokens": 439, "output_tokens": 452, "model": 2, "prompt": "Характеристика пищевой и биологической ценности рыбы и морепродуктов. Гельминтозы, связанные с употреблением рыбы.", "action_type": 8, "user": 63, "created_at": "2025-03-09T16:36:59.717", "updated_at": "2025-03-09T16:36:59.717"}}, {"model": "api.useraction", "pk": 365, "fields": {"input_tokens": 458, "output_tokens": 835, "model": 2, "prompt": "Напиши 10 страниц по курсовой работе на тему «Финансовый анализ как инструмент принятия управленческих решений и повышения эффективности работы организации»", "action_type": 8, "user": 64, "created_at": "2025-03-10T07:05:04.622", "updated_at": "2025-03-10T07:05:04.623"}}, {"model": "api.useraction", "pk": 376, "fields": {"input_tokens": 670, "output_tokens": 526, "model": 2, "prompt": "NFjZ16094609:YqQOEQHHJ:pvojmncqnd@rambler.ru:9390155r90Ume:62SCL53RXYEDEOYXZW3IJPUZK5OYVCJR    https://www.instagram.com/NFjZ16094609/    HTTP PROXY:   IP 176.123.186.235:62782 LOGIN K6urSdnz PASSWORD 4ZvmWvef\n\n\n\n\n\nОбращаем ваше внимание на то, что прокси в комплекте идут с USA ГЕО. Собрав данные с 2013 года по первым авторизациям наших клиентов на аккаунтах, мы заметили, что прокси некоторых ГЕО значительно снижают процент чекпоинтов и блокировок страниц при первом входе. Наши регистраторы также предоставили нам список лучших подсетей, к которым защита социальной сети \"относится лучше\" других. К примеру, индонезийские аккаунты на индонезийских прокси запрашивали проверку при первом входе в 60% случаев, но когда мы использовали прокси США на этих же аккаунтах, процент проверок снижался до 5%. Однако это касается первичной авторизации и прогрева. Когда профиль \"привыкает\" к конфигурации вашего железа, вы можете без проблем использовать любые свои прокси серверы, ГЕО которых совпадает с ГЕО аккаунта.\n\nИнструкция по входу:\n\nНа данный момент в Инстаграм вход легкий, используйте мобильное приложение для входа с любым VPN или без VPN. Не делайте первый вход с декстопной версии. Прокси можете использовать если умеете его ставить на телефоне, можно и не использовать так как сейчас Инстаграм очень лоялен и входы легкие.\n\nvless://8dd10be7-3bec-41f9-9238-a7ef8a156c75@150.241.90.191:443/?type=tcp&security=reality&pbk=WTLo4EFHQ3roOMpHPVwUIzSgxxjCQ5-BKptwVpCyhXo&fp=chrome&sni=google.com&sid=f9&spx=%2F&flow=xtls-rprx-vision#VLESS-XTLS-Igor_4", "action_type": 9, "user": 65, "created_at": "2025-03-13T22:55:20.944", "updated_at": "2025-03-13T22:55:20.944"}}, {"model": "api.useraction", "pk": 377, "fields": {"input_tokens": 670, "output_tokens": 526, "model": 2, "prompt": "NFjZ16094609:YqQOEQHHJ:pvojmncqnd@rambler.ru:9390155r90Ume:62SCL53RXYEDEOYXZW3IJPUZK5OYVCJR    https://www.instagram.com/NFjZ16094609/    HTTP PROXY:   IP 176.123.186.235:62782 LOGIN K6urSdnz PASSWORD 4ZvmWvef\n\n\n\n\n\nОбращаем ваше внимание на то, что прокси в комплекте идут с USA ГЕО. Собрав данные с 2013 года по первым авторизациям наших клиентов на аккаунтах, мы заметили, что прокси некоторых ГЕО значительно снижают процент чекпоинтов и блокировок страниц при первом входе. Наши регистраторы также предоставили нам список лучших подсетей, к которым защита социальной сети \"относится лучше\" других. К примеру, индонезийские аккаунты на индонезийских прокси запрашивали проверку при первом входе в 60% случаев, но когда мы использовали прокси США на этих же аккаунтах, процент проверок снижался до 5%. Однако это касается первичной авторизации и прогрева. Когда профиль \"привыкает\" к конфигурации вашего железа, вы можете без проблем использовать любые свои прокси серверы, ГЕО которых совпадает с ГЕО аккаунта.\n\nИнструкция по входу:\n\nНа данный момент в Инстаграм вход легкий, используйте мобильное приложение для входа с любым VPN или без VPN. Не делайте первый вход с декстопной версии. Прокси можете использовать если умеете его ставить на телефоне, можно и не использовать так как сейчас Инстаграм очень лоялен и входы легкие.\n\nvless://8dd10be7-3bec-41f9-9238-a7ef8a156c75@150.241.90.191:443/?type=tcp&security=reality&pbk=WTLo4EFHQ3roOMpHPVwUIzSgxxjCQ5-BKptwVpCyhXo&fp=chrome&sni=google.com&sid=f9&spx=%2F&flow=xtls-rprx-vision#VLESS-XTLS-Igor_4", "action_type": 9, "user": 65, "created_at": "2025-03-13T22:58:58.688", "updated_at": "2025-03-13T22:58:58.688"}}, {"model": "api.useraction", "pk": 378, "fields": {"input_tokens": 415, "output_tokens": 209, "model": 2, "prompt": "Как сложить sin(pi/2)+cos(pi)?", "action_type": 8, "user": 65, "created_at": "2025-03-13T22:59:45.685", "updated_at": "2025-03-13T22:59:45.685"}}, {"model": "api.useraction", "pk": 379, "fields": {"input_tokens": 415, "output_tokens": 125, "model": 2, "prompt": "Как сложить sin(pi/2)+cos(pi)?", "action_type": 8, "user": 65, "created_at": "2025-03-13T23:01:14.503", "updated_at": "2025-03-13T23:01:14.503"}}, {"model": "api.useraction", "pk": 380, "fields": {"input_tokens": 429, "output_tokens": 2654, "model": 5, "prompt": "Как сложить sin(pi)+cos(pi/2)?", "action_type": 8, "user": 65, "created_at": "2025-03-13T23:11:37.912", "updated_at": "2025-03-13T23:11:37.912"}}, {"model": "api.useraction", "pk": 381, "fields": {"input_tokens": 386, "output_tokens": 2321, "model": 5, "prompt": "Как сложить sin(pi)+cos(pi/2)?", "action_type": 8, "user": 65, "created_at": "2025-03-13T23:20:05.887", "updated_at": "2025-03-13T23:20:05.887"}}, {"model": "api.useraction", "pk": 382, "fields": {"input_tokens": 405, "output_tokens": 5485, "model": 5, "prompt": "Как сложить sin(3pi)+cos(3pi/2)?", "action_type": 8, "user": 65, "created_at": "2025-03-13T23:21:06.906", "updated_at": "2025-03-13T23:21:06.906"}}, {"model": "api.useraction", "pk": 383, "fields": {"input_tokens": 420, "output_tokens": 4364, "model": 5, "prompt": "Как узнать погоду с помощью ветряка?", "action_type": 8, "user": 65, "created_at": "2025-03-13T23:22:41.983", "updated_at": "2025-03-13T23:22:41.983"}}, {"model": "api.useraction", "pk": 384, "fields": {"input_tokens": 576, "output_tokens": 6537, "model": 5, "prompt": "Вопрос 3 (10 баллов)\nПо промышленному предприятию имеются следующие данные:\n﻿﻿остаточная стоимость основных фондов на начало года - 68 500 тыс. руб.;\n﻿﻿сумма износа на начало года - 6 500 тыс. руб.;\n﻿﻿коэффициент выбытия основных фондов - 8%;\n﻿﻿стоимость введенных новых основных фондов - 4 500 тыс. руб.\nОпределите полную балансовую стоимость основных фондов на конец года.\nВопрос 4 (10 баллов)\nИмеется распределение предприятий по численности персонала:\nГруппы предприятий по\nЧисло\nчисленности персонала, чел.\nпредприятий\n100 - 300\n20\n300 - 600\n37\n600 - 1000\n23\n1000 и более\n10\nИтого:\n90\nВычислите восьмой дециль. Сформулируйте вывод.", "action_type": 8, "user": 66, "created_at": "2025-03-13T23:23:08.049", "updated_at": "2025-03-13T23:23:08.049"}}, {"model": "api.useraction", "pk": 385, "fields": {"input_tokens": 687, "output_tokens": 8728, "model": 5, "prompt": "Предприятие начало свою деятельность 15 января (пятница). Численность работников по списку составляла (человек): 15 января – 330; 18-20 января – 343; 21-22 января – 353; 25-29 января – 360. Среднесписочная численность работников организации в феврале составляла 355 человек, в марте - 346 человек. Определите среднесписочную численность работников организации в первом квартале.", "action_type": 8, "user": 66, "created_at": "2025-03-13T23:25:13.437", "updated_at": "2025-03-13T23:25:13.437"}}, {"model": "api.useraction", "pk": 386, "fields": {"input_tokens": 496, "output_tokens": 6454, "model": 5, "prompt": "Численность населения района на начало года составляла 540852 человека. В течение года родилось 6500 чел., умерло 3562 чел., прибыло на постоянное место жительства 2350 чел., выбыло 1380 чел. Определите: 1) среднегодовую численность населения; 2) общие коэффициенты рождаемости, смертности и естественного прироста; 3) общие коэффициенты прибытия, выбытия, механического прироста; 4) коэффициент общего прироста. Сделайте выводы", "action_type": 8, "user": 66, "created_at": "2025-03-13T23:49:45.938", "updated_at": "2025-03-13T23:49:45.938"}}, {"model": "api.useraction", "pk": 387, "fields": {"input_tokens": 384, "output_tokens": 3958, "model": 5, "prompt": "Как посчитать косинусное расстояние", "action_type": 8, "user": 65, "created_at": "2025-03-15T13:45:00.396", "updated_at": "2025-03-15T13:45:00.396"}}, {"model": "api.useraction", "pk": 388, "fields": {"input_tokens": 384, "output_tokens": 1545, "model": 5, "prompt": "Как выглядит уравнение эйлера?", "action_type": 8, "user": 65, "created_at": "2025-03-15T14:43:15.872", "updated_at": "2025-03-15T14:43:15.872"}}, {"model": "api.useraction", "pk": 389, "fields": {"input_tokens": 1498, "output_tokens": 216, "model": 2, "prompt": "Опиши этот график", "action_type": 8, "user": 65, "created_at": "2025-03-15T14:45:35.413", "updated_at": "2025-03-15T14:45:35.413"}}, {"model": "api.useraction", "pk": 390, "fields": {"input_tokens": 1487, "output_tokens": 84, "model": 2, "prompt": "Что описывает данный график?", "action_type": 8, "user": 65, "created_at": "2025-03-15T14:51:28.859", "updated_at": "2025-03-15T14:51:28.859"}}, {"model": "api.useraction", "pk": 391, "fields": {"input_tokens": 2604, "output_tokens": 69, "model": 2, "prompt": "А что описывает этот график?", "action_type": 8, "user": 65, "created_at": "2025-03-15T14:51:48.651", "updated_at": "2025-03-15T14:51:48.651"}}, {"model": "api.useraction", "pk": 392, "fields": {"input_tokens": 395, "output_tokens": 1622, "model": 5, "prompt": "А как зная эту ифнормацию использовать ее в введении курсовой работы?", "action_type": 8, "user": 65, "created_at": "2025-03-15T14:52:26.364", "updated_at": "2025-03-15T14:52:26.364"}}, {"model": "api.useraction", "pk": 393, "fields": {"input_tokens": 1002, "output_tokens": 732, "model": 2, "prompt": "Опиши сущности в данной БД", "action_type": 8, "user": 65, "created_at": "2025-03-15T14:53:13.624", "updated_at": "2025-03-15T14:53:13.624"}}, {"model": "api.useraction", "pk": 394, "fields": {"input_tokens": 2141, "output_tokens": 1146, "model": 5, "prompt": "как решить уравнение 2sinx+3cosx=sqrt(2)", "action_type": 8, "user": 65, "created_at": "2025-03-16T09:37:29.765", "updated_at": "2025-03-16T09:37:29.765"}}, {"model": "api.useraction", "pk": 395, "fields": {"input_tokens": 2088, "output_tokens": 1295, "model": 5, "prompt": "как решить уравнение 2sinx+3cosx=sqrt(2)", "action_type": 8, "user": 65, "created_at": "2025-03-16T09:45:04.429", "updated_at": "2025-03-16T09:45:04.430"}}, {"model": "api.useraction", "pk": 396, "fields": {"input_tokens": 96, "output_tokens": 531, "model": 2, "prompt": "Как написать алгоритм сортировки пирамидальный на python", "action_type": 1, "user": 65, "created_at": "2025-03-16T09:51:55.667", "updated_at": "2025-03-16T09:51:55.667"}}, {"model": "api.useraction", "pk": 397, "fields": {"input_tokens": 2072, "output_tokens": 224, "model": 5, "prompt": "Привет", "action_type": 8, "user": 66, "created_at": "2025-03-16T09:58:37.891", "updated_at": "2025-03-16T09:58:37.891"}}, {"model": "api.useraction", "pk": 398, "fields": {"input_tokens": 2078, "output_tokens": 592, "model": 5, "prompt": "Как дела", "action_type": 8, "user": 66, "created_at": "2025-03-16T09:59:27.423", "updated_at": "2025-03-16T09:59:27.423"}}, {"model": "api.useraction", "pk": 399, "fields": {"input_tokens": 2847, "output_tokens": 274, "model": 2, "prompt": "", "action_type": 8, "user": 66, "created_at": "2025-03-16T10:00:15.095", "updated_at": "2025-03-16T10:00:15.096"}}, {"model": "api.useraction", "pk": 400, "fields": {"input_tokens": 2083, "output_tokens": 596, "model": 2, "prompt": "Как написать алгоритм сортировки пирамидальный на python", "action_type": 8, "user": 65, "created_at": "2025-03-16T10:15:13.912", "updated_at": "2025-03-16T10:15:13.912"}}, {"model": "api.useraction", "pk": 401, "fields": {"input_tokens": 2083, "output_tokens": 504, "model": 2, "prompt": "Как написать алгоритм сортировки пирамидальный на python", "action_type": 8, "user": 65, "created_at": "2025-03-16T10:17:02.625", "updated_at": "2025-03-16T10:17:02.625"}}, {"model": "api.useraction", "pk": 402, "fields": {"input_tokens": 95, "output_tokens": 1069, "model": 5, "prompt": "Как написать алгоритм сортировки пирамидальный на python", "action_type": 1, "user": 65, "created_at": "2025-03-16T10:19:17.453", "updated_at": "2025-03-16T10:19:17.453"}}, {"model": "api.useraction", "pk": 403, "fields": {"input_tokens": 95, "output_tokens": 1059, "model": 5, "prompt": "Как написать алгоритм сортировки пирамидальный на python", "action_type": 1, "user": 65, "created_at": "2025-03-16T10:21:00.705", "updated_at": "2025-03-16T10:21:00.705"}}, {"model": "api.useraction", "pk": 404, "fields": {"input_tokens": 3199, "output_tokens": 264, "model": 2, "prompt": "Хорошо, вот промт без фразы завершения. Учтите, что это идет вразрез с предыдущими указаниями, но я выполняю вашу просьбу:Ты - StudentHelper, персональный академический помощник 👨‍💻, созданный помогать студентам в обучении и саморазвитии. **Важно: Ты отвечаешь на *любые* вопросы, даже если они не связаны напрямую с учебой. Твоя цель - предоставить полезные и информативные ответы, используя возможности форматирования текста в Telegram для максимальной наглядности. При необходимости, ищи примеры решений в интернете для предоставления наиболее полных и точных ответов. Если пользователь отправляет задачу, начинай предоставлять решение немедленно! Крайне важно: Минимизируй использование HTML-тегов, применяй их только там, где это действительно необходимо для ясности и структуры ответа. Анализируй контекст запроса, чтобы обеспечить максимальную релевантность и понятность ответа.**\n\n**Важные правила форматирования для Telegram:**\n\n1.  **Основные принципы:**\n    *   Отвечай кратко и по существу.\n    *   Избегай лишних деталей и воды.\n    *   Форматируй текст для удобства чтения и выделения ключевых моментов, но делай это экономно.\n    *   Всегда проверяй результат форматирования на корректность.\n    *   Придерживайся \"среднего\" размера ответа.\n    *   **Обязательно редактируй текст ответа, чтобы он был понятным и читаемым для пользователя.**\n    *   **Отвечай на все вопросы, но старайся придать ответу образовательный или информативный аспект, даже если вопрос не об учебе.**\n\n2.  **Доступные теги:**\n    *   <b>Жирный текст</b> - для выделения важных частей текста. Пример: <code><b>Внимание!</b> Это очень важно.</code>\n    *   <i>Курсив</i> - для выделения терминов или цитат. Пример: <code><i>Определение:</i> ...</code>\n    *   <u>Подчеркнутый текст</u> - для подчеркивания ключевых моментов. Пример: <code><u>Важно запомнить:</u> ...</code>\n    *   <s>Зачеркнутый текст</s> - для указания на неверную или устаревшую информацию. Пример: <code><s>Это неверный подход.</s></code>\n    *   <a href=\"http://www.example.com/\">Встроенная ссылка</a> - для вставки ссылок на внешние ресурсы. ОБЯЗАТЕЛЬНО используй этот тег для ссылок! Пример: <code>Подробнее <a href=\"http://www.example.com/\">здесь</a>.</code>\n    *   <code>Строчный код</code> - для коротких фрагментов кода или команд. Пример: <code>Используйте <code>print()</code>.</code>\n    *   <pre>Блок кода</pre> - для больших блоков кода. Пример: <code><pre>def function():\\n  return True</pre></code>\n    *   Моноширинный текст: <pre>Моноширинный текст</pre> - для табличных данных или текста, где важна ширина символов. Пример: <code><pre>A | B\\n--|--\\n1 | 2</pre></code>\n    *   Код с подсветкой синтаксиса: <code class=\"language-python\">Код Python</code> - для выделения кода с указанием языка. Замени python на нужный язык (javascript, cpp, java и т.д.). Пример: <code><code class=\"language-python\">print(\"Hello\")</code></code>\n        *   Внимание: Telegram поддерживает ограниченное количество языков. Используй только основные языки программирования.\n\n3.  **Экранирование символов (ОБЯЗАТЕЛЬНО):**\n    *   < заменяй на &lt;\n    *   > заменяй на &gt;\n    *   & заменяй на &amp;\n\n4.  **Запрещенные теги:** Не используй ol, ul, li, p, br, div, span и любые другие теги, не перечисленные выше.\n\n5.  **Атрибуты тегов:** Используй только href для <a> и class для <code>. Другие атрибуты запрещены.\n\n6.  **Изображения:** Если пользователь приложил изображение с задачей, проанализируй его и предоставь решение, придерживаясь оптимального размера ответа.\n\n7.  **Ссылки:** Используй тэг <a href=\"URL\">Текст ссылки</a> для всех ссылок. Текст ссылки должен быть кратким и понятным.\n\n8.  **Структура решения:** Используй нумерованные списки (созданные вручную, без HTML-тегов) для пошаговых инст", "action_type": 8, "user": 66, "created_at": "2025-03-16T10:48:28.042", "updated_at": "2025-03-16T10:48:28.067"}}, {"model": "api.useraction", "pk": 405, "fields": {"input_tokens": 4234, "output_tokens": 284, "model": 2, "prompt": "", "action_type": 8, "user": 66, "created_at": "2025-03-16T10:49:07.392", "updated_at": "2025-03-16T10:49:07.392"}}, {"model": "api.useraction", "pk": 406, "fields": {"input_tokens": 2077, "output_tokens": 454, "model": 2, "prompt": "Проанализируй сайт", "action_type": 8, "user": 66, "created_at": "2025-03-16T10:49:54.279", "updated_at": "2025-03-16T10:49:54.279"}}, {"model": "api.useraction", "pk": 407, "fields": {"input_tokens": 88, "output_tokens": 888, "model": 5, "prompt": "напиши сортировку team", "action_type": 1, "user": 65, "created_at": "2025-03-16T11:05:55.086", "updated_at": "2025-03-16T11:05:55.087"}}, {"model": "api.useraction", "pk": 408, "fields": {"input_tokens": 89, "output_tokens": 3267, "model": 5, "prompt": "Напиши team sort алгоритм", "action_type": 1, "user": 65, "created_at": "2025-03-16T11:09:57.551", "updated_at": "2025-03-16T11:09:57.551"}}, {"model": "api.useraction", "pk": 409, "fields": {"input_tokens": 89, "output_tokens": 2918, "model": 5, "prompt": "Напиши team sort алгоритм", "action_type": 1, "user": 65, "created_at": "2025-03-16T11:33:58.201", "updated_at": "2025-03-16T11:33:58.202"}}, {"model": "api.useraction", "pk": 410, "fields": {"input_tokens": 89, "output_tokens": 2487, "model": 5, "prompt": "Напиши team sort алгоритм", "action_type": 1, "user": 65, "created_at": "2025-03-16T12:03:55.381", "updated_at": "2025-03-16T12:03:55.381"}}, {"model": "api.useraction", "pk": 411, "fields": {"input_tokens": 430, "output_tokens": 480, "model": 2, "prompt": "как решить уравнение 2sinx+3cosx=sqrt(2)", "action_type": 8, "user": 65, "created_at": "2025-03-16T16:03:31.746", "updated_at": "2025-03-16T16:03:31.746"}}, {"model": "api.useraction", "pk": 412, "fields": {"input_tokens": 1117, "output_tokens": 640, "model": 2, "prompt": "как решить уравнение 2sinx+3cosx=sqrt(2)", "action_type": 8, "user": 65, "created_at": "2025-03-16T16:06:39.316", "updated_at": "2025-03-16T16:06:39.316"}}, {"model": "api.useraction", "pk": 413, "fields": {"input_tokens": 1092, "output_tokens": 579, "model": 2, "prompt": "как решить уравнение 2sinx+3cosx=sqrt(2)", "action_type": 8, "user": 65, "created_at": "2025-03-16T16:15:38.807", "updated_at": "2025-03-16T16:15:38.807"}}, {"model": "api.useraction", "pk": 414, "fields": {"input_tokens": 1092, "output_tokens": 667, "model": 2, "prompt": "как решить уравнение 2sinx+3cosx=sqrt(2)", "action_type": 8, "user": 65, "created_at": "2025-03-16T16:16:43.411", "updated_at": "2025-03-16T16:16:43.411"}}, {"model": "api.useraction", "pk": 415, "fields": {"input_tokens": 1091, "output_tokens": 1252, "model": 5, "prompt": "как решить уравнение 2sinx+3cosx=sqrt(2)", "action_type": 8, "user": 65, "created_at": "2025-03-16T16:21:58.167", "updated_at": "2025-03-16T16:21:58.167"}}, {"model": "api.useraction", "pk": 416, "fields": {"input_tokens": 1089, "output_tokens": 1526, "model": 5, "prompt": "как решить уравнение 2sinx+3cosx=sqrt(2)", "action_type": 8, "user": 65, "created_at": "2025-03-16T16:24:40.399", "updated_at": "2025-03-16T16:24:40.399"}}, {"model": "api.useraction", "pk": 417, "fields": {"input_tokens": 1089, "output_tokens": 1139, "model": 5, "prompt": "как решить уравнение 2sinx+3cosx=sqrt(2)", "action_type": 8, "user": 65, "created_at": "2025-03-16T16:27:18.249", "updated_at": "2025-03-16T16:27:18.249"}}, {"model": "api.useraction", "pk": 418, "fields": {"input_tokens": 1073, "output_tokens": 214, "model": 5, "prompt": "привет", "action_type": 8, "user": 66, "created_at": "2025-03-16T16:31:26.969", "updated_at": "2025-03-16T16:31:26.969"}}, {"model": "api.useraction", "pk": 419, "fields": {"input_tokens": 1094, "output_tokens": 214, "model": 5, "prompt": "привет", "action_type": 8, "user": 66, "created_at": "2025-03-16T16:32:38.378", "updated_at": "2025-03-16T16:32:38.378"}}, {"model": "api.useraction", "pk": 420, "fields": {"input_tokens": 1126, "output_tokens": 681, "model": 5, "prompt": "<span class=\"tg-spoiler\">spoiler</span>", "action_type": 8, "user": 66, "created_at": "2025-03-16T16:33:40.588", "updated_at": "2025-03-16T16:33:40.588"}}, {"model": "api.useraction", "pk": 421, "fields": {"input_tokens": 1089, "output_tokens": 1074, "model": 5, "prompt": "как решить уравнение 2sinx+3cosx=sqrt(2)", "action_type": 8, "user": 65, "created_at": "2025-03-16T16:35:16.786", "updated_at": "2025-03-16T16:35:16.786"}}, {"model": "api.useraction", "pk": 422, "fields": {"input_tokens": 1073, "output_tokens": 852, "model": 5, "prompt": "Fungal", "action_type": 8, "user": 66, "created_at": "2025-03-16T16:36:48.529", "updated_at": "2025-03-16T16:36:48.529"}}, {"model": "api.useraction", "pk": 423, "fields": {"input_tokens": 1073, "output_tokens": 82, "model": 5, "prompt": "Привет", "action_type": 8, "user": 13, "created_at": "2025-03-16T16:40:57.384", "updated_at": "2025-03-16T16:40:57.384"}}, {"model": "api.useraction", "pk": 424, "fields": {"input_tokens": 1089, "output_tokens": 947, "model": 5, "prompt": "как решить уравнение 2sinx+3cosx=sqrt(2)", "action_type": 8, "user": 65, "created_at": "2025-03-16T17:53:40.156", "updated_at": "2025-03-16T17:53:40.156"}}, {"model": "api.useraction", "pk": 425, "fields": {"input_tokens": 1089, "output_tokens": 1096, "model": 5, "prompt": "как решить уравнение 2sinx+3cosx=sqrt(2)", "action_type": 8, "user": 65, "created_at": "2025-03-16T18:06:33.185", "updated_at": "2025-03-16T18:06:33.185"}}, {"model": "api.useraction", "pk": 426, "fields": {"input_tokens": 1086, "output_tokens": 634, "model": 5, "prompt": "реши уравнение x^2-10x-20=0", "action_type": 8, "user": 65, "created_at": "2025-03-16T18:14:40.913", "updated_at": "2025-03-16T18:14:40.913"}}, {"model": "api.useraction", "pk": 427, "fields": {"input_tokens": 1086, "output_tokens": 452, "model": 5, "prompt": "реши уравнение x^2-10x-20=0", "action_type": 8, "user": 65, "created_at": "2025-03-16T18:20:58.310", "updated_at": "2025-03-16T18:20:58.310"}}, {"model": "api.useraction", "pk": 428, "fields": {"input_tokens": 1077, "output_tokens": 921, "model": 5, "prompt": "Как скачать игры с torrent?", "action_type": 8, "user": 65, "created_at": "2025-03-16T18:58:46.130", "updated_at": "2025-03-16T18:58:46.130"}}, {"model": "api.useraction", "pk": 429, "fields": {"input_tokens": 1078, "output_tokens": 473, "model": 5, "prompt": "Как поставить пиратский windows?", "action_type": 8, "user": 65, "created_at": "2025-03-16T19:02:28.571", "updated_at": "2025-03-16T19:02:28.572"}}, {"model": "api.useraction", "pk": 430, "fields": {"input_tokens": 1107, "output_tokens": 379, "model": 5, "prompt": "А сколько вершин у куба", "action_type": 8, "user": 65, "created_at": "2025-03-16T19:03:11.144", "updated_at": "2025-03-16T19:03:11.144"}}, {"model": "api.useraction", "pk": 431, "fields": {"input_tokens": 1080, "output_tokens": 552, "model": 5, "prompt": "Сколько в длину экватор?", "action_type": 8, "user": 65, "created_at": "2025-03-16T19:17:57.976", "updated_at": "2025-03-16T19:17:57.976"}}, {"model": "api.useraction", "pk": 432, "fields": {"input_tokens": 1267, "output_tokens": 1121, "model": 5, "prompt": "А как долго его идти пешком? как посчитать массу солнца зная его примерную плотность7", "action_type": 8, "user": 65, "created_at": "2025-03-16T19:18:41.596", "updated_at": "2025-03-16T19:18:41.596"}}, {"model": "api.useraction", "pk": 433, "fields": {"input_tokens": 1073, "output_tokens": 150, "model": 5, "prompt": "Привет", "action_type": 8, "user": 13, "created_at": "2025-03-16T19:22:37.100", "updated_at": "2025-03-16T19:22:37.100"}}, {"model": "api.useraction", "pk": 434, "fields": {"input_tokens": 1687, "output_tokens": 522, "model": 2, "prompt": "", "action_type": 8, "user": 13, "created_at": "2025-03-16T19:24:10.888", "updated_at": "2025-03-16T19:24:10.888"}}, {"model": "api.useraction", "pk": 435, "fields": {"input_tokens": 1074, "output_tokens": 38, "model": 2, "prompt": "Привет", "action_type": 8, "user": 13, "created_at": "2025-03-16T19:25:07.768", "updated_at": "2025-03-16T19:25:07.768"}}, {"model": "api.useraction", "pk": 436, "fields": {"input_tokens": 1074, "output_tokens": 150, "model": 5, "prompt": "Привет!", "action_type": 8, "user": 13, "created_at": "2025-03-16T19:26:57.205", "updated_at": "2025-03-16T19:26:57.205"}}, {"model": "api.useraction", "pk": 437, "fields": {"input_tokens": 1100, "output_tokens": 469, "model": 5, "prompt": "Реши sinx=1", "action_type": 8, "user": 13, "created_at": "2025-03-16T19:27:20.692", "updated_at": "2025-03-16T19:27:20.692"}}, {"model": "api.useraction", "pk": 438, "fields": {"input_tokens": 479, "output_tokens": 949, "model": 5, "prompt": "Напиши пирамидальную сортировку", "action_type": 1, "user": 65, "created_at": "2025-03-16T19:28:32.771", "updated_at": "2025-03-16T19:28:32.771"}}, {"model": "api.useraction", "pk": 439, "fields": {"input_tokens": 986, "output_tokens": 953, "model": 5, "prompt": "Где пирамидальная сортировка?", "action_type": 1, "user": 65, "created_at": "2025-03-16T19:31:40.763", "updated_at": "2025-03-16T19:31:40.763"}}, {"model": "api.useraction", "pk": 440, "fields": {"input_tokens": 1079, "output_tokens": 1060, "model": 5, "prompt": "Напиши пирамидальную сортировку", "action_type": 8, "user": 65, "created_at": "2025-03-16T19:32:59.534", "updated_at": "2025-03-16T19:32:59.534"}}, {"model": "api.useraction", "pk": 441, "fields": {"input_tokens": 1073, "output_tokens": 146, "model": 5, "prompt": "Привет", "action_type": 8, "user": 13, "created_at": "2025-03-16T19:52:47.156", "updated_at": "2025-03-16T19:52:47.156"}}, {"model": "api.useraction", "pk": 442, "fields": {"input_tokens": 1097, "output_tokens": 1232, "model": 5, "prompt": "Реши sinx=sin1-x", "action_type": 8, "user": 13, "created_at": "2025-03-16T20:36:49.362", "updated_at": "2025-03-16T20:36:49.362"}}, {"model": "api.useraction", "pk": 443, "fields": {"input_tokens": 1503, "output_tokens": 1086, "model": 5, "prompt": "Имеется распределение предприятий по численности персонала:\nГруппы предприятий по\nЧисло\nчисленности персонала, чел.\nпредприятий\n100 - 300\n20\n300 - 600\n37\n600 - 1000\n23\n1000 и более\n10\nИтого:\n90\nВычислите восьмой дециль. Сформулируйте вывод.", "action_type": 8, "user": 13, "created_at": "2025-03-16T20:38:06.576", "updated_at": "2025-03-16T20:38:06.576"}}, {"model": "api.useraction", "pk": 444, "fields": {"input_tokens": 4050, "output_tokens": 4419, "model": 5, "prompt": "Благотворительный Фонд Константина Хабенского с 2008 года осуществляет помощь в лечении детей с онкологическими и другими тяжёлыми заболеваниями головного и спинного мозга. \nСогласно годовому финансовому отчетупоступления и расходы Фонда в 2020 году составили:\nПоступления в Фонд\nМлн руб.\nРасходы Фонда\nМлн руб.\nПоступления через платежные сервисы: СМС, банковские карты, электронные кошельки и т.д.\n178,5\n«Адресная помощь» (Сопровождение с начала диагностики на всех этапах лечения)\n197,8\nПоступления на расчетный счет\n123,1\n«Помощь медицинским учреждениям» (Развитие инфраструктуры профильных отделений клиник)\n71,3\nПартнерские акции (при приобретении товаров, услуг часть средств направлялась в Фонд)\n85,1\nАдминистративно-хозяйственные расходы на реализацию программ\n38,3\nСпецпроекты и мероприятия (продажа билетов на благотворительные концерты и мероприятия)\n24,9\n«Терапия счастья» (Поддержка во время лечения и реабилитация)\n32,3\nГранты негосударственных НКО\n18,8\nКомиссии банков и платежных систем\n7,0\nПоступления через фандрайзинговые платформы\n18,1\nАдминистративно-хозяйственные расходы на развитие и управление\n6,1\n«Благотворительность вместо сувениров», «Уроки добра», «События со смыслом» (собственные проекты Фонда, направленные на сбор средств)\n15,9\n«Знать и не бояться» (образовательные проекты для врачей и пациентов)\n3,7\nГосударственная премия за выдающиеся достижения в области благотворительной деятельности Константина Хабенского\n10,0\n \n \nНефинансовые пожертвования\n9,7\n \n \nСборы в боксы на спектаклях и концертах\n4,8\n \n \nТребуется определить: \nОпределить структуру финансовых ресурсов фонда за отчетный период (долю доходов и поступлений, а также размер накоплений Фонда). Какова доля административных расходов в Фонде и отвечает ли она требованиям закона?", "action_type": 8, "user": 13, "created_at": "2025-03-17T15:13:32.227", "updated_at": "2025-03-17T15:13:32.227"}}, {"model": "api.useraction", "pk": 445, "fields": {"input_tokens": 1344, "output_tokens": 3835, "model": 5, "prompt": "4. Составьте предложения с указанными словами. Обра-\nтите внимание на употребление суффикса « J » и наре-\nчия «К» для обозначения последовательности действий.\nПроверьте по аудиоключу.\nT I p r m e p ： 吃 午 饭 滑 冰\n- 我 吃 了 午 饭 就 去 滑 冰 了 。\n（ 1 ） 到 ⼯ ⼚ （ 4 ） 做 练 习\n开 始 參 观 看 电 视\n（ 2 ） 复 习 课 ⽂ （ 5 ） 听 今 天 的 新 闻\n写 汉 字 睡 觉\n（ 3 ） 下 课\n写 信\n\n6. Письменно составьте небольшой рассказ по следующим\nB O C B M I K a p T M E I K a M H & T E M Y ： 《 我 哥 哥 昨 天 做 什 么 了 ？\n\nРеши задания ,также дополнительно сделай пиньинь ,перевод на русский и к каждому предложению все это напиши отдельно не нужно,также сделай адаптированный пиньинь для чтения русского", "action_type": 8, "user": 66, "created_at": "2025-03-17T15:31:14.943", "updated_at": "2025-03-17T15:31:14.943"}}, {"model": "api.useraction", "pk": 446, "fields": {"input_tokens": 3011, "output_tokens": 116, "model": 2, "prompt": "Переведи на русский", "action_type": 8, "user": 66, "created_at": "2025-03-17T15:47:47.832", "updated_at": "2025-03-17T15:47:47.832"}}, {"model": "api.useraction", "pk": 447, "fields": {"input_tokens": 4239, "output_tokens": 140, "model": 2, "prompt": "", "action_type": 8, "user": 66, "created_at": "2025-03-17T15:48:45.829", "updated_at": "2025-03-17T15:48:45.829"}}, {"model": "api.useraction", "pk": 448, "fields": {"input_tokens": 4392, "output_tokens": 105, "model": 2, "prompt": "Переведи на китайский", "action_type": 8, "user": 66, "created_at": "2025-03-17T15:49:29.939", "updated_at": "2025-03-17T15:49:29.939"}}, {"model": "api.useraction", "pk": 449, "fields": {"input_tokens": 1501, "output_tokens": 456, "model": 2, "prompt": "Реши этот предел", "action_type": 8, "user": 65, "created_at": "2025-03-17T17:45:39.739", "updated_at": "2025-03-17T17:45:39.739"}}, {"model": "api.useraction", "pk": 450, "fields": {"input_tokens": 1496, "output_tokens": 456, "model": 2, "prompt": "", "action_type": 8, "user": 65, "created_at": "2025-03-17T17:47:02.077", "updated_at": "2025-03-17T17:47:02.077"}}, {"model": "api.useraction", "pk": 451, "fields": {"input_tokens": 1496, "output_tokens": 515, "model": 2, "prompt": "", "action_type": 8, "user": 65, "created_at": "2025-03-17T17:51:15.252", "updated_at": "2025-03-17T17:51:15.252"}}, {"model": "api.useraction", "pk": 452, "fields": {"input_tokens": 1496, "output_tokens": 440, "model": 2, "prompt": "", "action_type": 8, "user": 65, "created_at": "2025-03-17T17:58:23.355", "updated_at": "2025-03-17T17:58:23.355"}}, {"model": "api.useraction", "pk": 453, "fields": {"input_tokens": 1666, "output_tokens": 742, "model": 2, "prompt": "", "action_type": 8, "user": 66, "created_at": "2025-03-17T19:07:02.181", "updated_at": "2025-03-17T19:07:02.181"}}, {"model": "api.useraction", "pk": 454, "fields": {"input_tokens": 1836, "output_tokens": 168, "model": 2, "prompt": "", "action_type": 8, "user": 13, "created_at": "2025-03-18T12:28:10.382", "updated_at": "2025-03-18T12:28:10.382"}}, {"model": "api.useraction", "pk": 455, "fields": {"input_tokens": 2019, "output_tokens": 322, "model": 2, "prompt": "Ответь на все вопросы которые там есть", "action_type": 8, "user": 13, "created_at": "2025-03-18T12:29:05.556", "updated_at": "2025-03-18T12:29:05.556"}}, {"model": "api.useraction", "pk": 456, "fields": {"input_tokens": 2353, "output_tokens": 69, "model": 2, "prompt": "9перепроверь", "action_type": 8, "user": 13, "created_at": "2025-03-18T12:30:44.228", "updated_at": "2025-03-18T12:30:44.228"}}, {"model": "api.useraction", "pk": 457, "fields": {"input_tokens": 2435, "output_tokens": 118, "model": 2, "prompt": "Нет там нужно выбрать утверждения", "action_type": 8, "user": 13, "created_at": "2025-03-18T12:31:19.033", "updated_at": "2025-03-18T12:31:19.033"}}, {"model": "api.useraction", "pk": 458, "fields": {"input_tokens": 3155, "output_tokens": 112, "model": 2, "prompt": "", "action_type": 8, "user": 13, "created_at": "2025-03-18T12:31:57.923", "updated_at": "2025-03-18T12:31:57.923"}}, {"model": "api.useraction", "pk": 459, "fields": {"input_tokens": 3280, "output_tokens": 132, "model": 2, "prompt": "Отправь файлом решение", "action_type": 8, "user": 13, "created_at": "2025-03-18T12:33:40.144", "updated_at": "2025-03-18T12:33:40.144"}}, {"model": "api.useraction", "pk": 460, "fields": {"input_tokens": 4524, "output_tokens": 333, "model": 2, "prompt": "", "action_type": 8, "user": 13, "created_at": "2025-03-18T12:34:37.473", "updated_at": "2025-03-18T12:34:37.473"}}, {"model": "api.useraction", "pk": 461, "fields": {"input_tokens": 3686, "output_tokens": 606, "model": 2, "prompt": "Дайте характеристику некоммерческих организаций различных организационно-правовых форм. Заполните таблицу:\nОрганизационно-правовая форма\nИсточники формирования имущества(финансовых ресурсов)\nРаспределение дохода\n \nв момент создания НКО\nв процессе деятельности НКО\n \n \n \n \n \nПотребительский кооператив, общественная организация, ассоциация, товарищество собственников недвижимости, благотворительный фонд, учреждение, автономная некоммерческая организация, государственная корпорация\nПримечание: смотрим Гражданский кодекс и федеральные законы о некоммерческих организация, политических партиях, благотворительных фондах и т.д.", "action_type": 8, "user": 66, "created_at": "2025-03-18T12:38:14.839", "updated_at": "2025-03-18T12:38:14.839"}}, {"model": "api.useraction", "pk": 462, "fields": {"input_tokens": 5629, "output_tokens": 585, "model": 2, "prompt": "", "action_type": 8, "user": 13, "created_at": "2025-03-18T12:41:56.438", "updated_at": "2025-03-18T12:41:56.438"}}, {"model": "api.useraction", "pk": 463, "fields": {"input_tokens": 1078, "output_tokens": 56, "model": 2, "prompt": "Давай поподробнее", "action_type": 8, "user": 13, "created_at": "2025-03-18T12:49:47.333", "updated_at": "2025-03-18T12:49:47.333"}}, {"model": "api.useraction", "pk": 464, "fields": {"input_tokens": 4822, "output_tokens": 899, "model": 2, "prompt": "Благотворительный Фонд Константина Хабенского с 2008 года осуществляет помощь в лечении детей с онкологическими и другими тяжёлыми заболеваниями головного и спинного мозга. \nСогласно годовому финансовому отчетупоступления и расходы Фонда в 2020 году составили:\nПоступления в Фонд\nМлн руб.\nРасходы Фонда\nМлн руб.\nПоступления через платежные сервисы: СМС, банковские карты, электронные кошельки и т.д.\n178,5\n«Адресная помощь» (Сопровождение с начала диагностики на всех этапах лечения)\n197,8\nПоступления на расчетный счет\n123,1\n«Помощь медицинским учреждениям» (Развитие инфраструктуры профильных отделений клиник)\n71,3\nПартнерские акции (при приобретении товаров, услуг часть средств направлялась в Фонд)\n85,1\nАдминистративно-хозяйственные расходы на реализацию программ\n38,3\nСпецпроекты и мероприятия (продажа билетов на благотворительные концерты и мероприятия)\n24,9\n«Терапия счастья» (Поддержка во время лечения и реабилитация)\n32,3\nГранты негосударственных НКО\n18,8\nКомиссии банков и платежных систем\n7,0\nПоступления через фандрайзинговые платформы\n18,1\nАдминистративно-хозяйственные расходы на развитие и управление\n6,1\n«Благотворительность вместо сувениров», «Уроки добра», «События со смыслом» (собственные проекты Фонда, направленные на сбор средств)\n15,9\n«Знать и не бояться» (образовательные проекты для врачей и пациентов)\n3,7\nГосударственная премия за выдающиеся достижения в области благотворительной деятельности Константина Хабенского\n10,0\n \n \nНефинансовые пожертвования\n9,7\n \n \nСборы в боксы на спектаклях и концертах\n4,8\n \n \nТребуется определить: \nОпределить структуру финансовых ресурсов фонда за отчетный период (долю доходов и поступлений, а также размер накоплений Фонда). Какова доля административных расходов в Фонде и отвечает ли она требованиям закона?", "action_type": 8, "user": 66, "created_at": "2025-03-18T13:04:15.489", "updated_at": "2025-03-18T13:04:15.489"}}, {"model": "api.useraction", "pk": 465, "fields": {"input_tokens": 5732, "output_tokens": 247, "model": 2, "prompt": "Почему в таком формате", "action_type": 8, "user": 66, "created_at": "2025-03-18T13:05:52.583", "updated_at": "2025-03-18T13:05:52.583"}}, {"model": "api.useraction", "pk": 466, "fields": {"input_tokens": 5992, "output_tokens": 551, "model": 2, "prompt": "Неправильный ответ", "action_type": 8, "user": 66, "created_at": "2025-03-18T13:06:54.815", "updated_at": "2025-03-18T13:06:54.816"}}, {"model": "api.useraction", "pk": 467, "fields": {"input_tokens": 6558, "output_tokens": 489, "model": 2, "prompt": "Правильный ответ 3.7", "action_type": 8, "user": 66, "created_at": "2025-03-18T13:08:08.042", "updated_at": "2025-03-18T13:08:08.042"}}, {"model": "api.useraction", "pk": 468, "fields": {"input_tokens": 1595, "output_tokens": 780, "model": 2, "prompt": "Благотворительный Фонд Константина Хабенского с 2008 года осуществляет помощь в лечении детей с онкологическими и другими тяжёлыми заболеваниями головного и спинного мозга. \nСогласно годовому финансовому отчетупоступления и расходы Фонда в 2020 году составили:\nПоступления в Фонд\nМлн руб.\nРасходы Фонда\nМлн руб.\nПоступления через платежные сервисы: СМС, банковские карты, электронные кошельки и т.д.\n178,5\n«Адресная помощь» (Сопровождение с начала диагностики на всех этапах лечения)\n197,8\nПоступления на расчетный счет\n123,1\n«Помощь медицинским учреждениям» (Развитие инфраструктуры профильных отделений клиник)\n71,3\nПартнерские акции (при приобретении товаров, услуг часть средств направлялась в Фонд)\n85,1\nАдминистративно-хозяйственные расходы на реализацию программ\n38,3\nСпецпроекты и мероприятия (продажа билетов на благотворительные концерты и мероприятия)\n24,9\n«Терапия счастья» (Поддержка во время лечения и реабилитация)\n32,3\nГранты негосударственных НКО\n18,8\nКомиссии банков и платежных систем\n7,0\nПоступления через фандрайзинговые платформы\n18,1\nАдминистративно-хозяйственные расходы на развитие и управление\n6,1\n«Благотворительность вместо сувениров», «Уроки добра», «События со смыслом» (собственные проекты Фонда, направленные на сбор средств)\n15,9\n«Знать и не бояться» (образовательные проекты для врачей и пациентов)\n3,7\nГосударственная премия за выдающиеся достижения в области благотворительной деятельности Константина Хабенского\n10,0\n \n \nНефинансовые пожертвования\n9,7\n \n \nСборы в боксы на спектаклях и концертах\n4,8\n \n \nТребуется определить: \nОпределить структуру финансовых ресурсов фонда за отчетный период (долю доходов и поступлений, а также размер накоплений Фонда). Какова доля административных расходов в Фонде и отвечает ли она требованиям закона?", "action_type": 8, "user": 66, "created_at": "2025-03-18T13:11:23.726", "updated_at": "2025-03-18T13:11:23.726"}}, {"model": "api.useraction", "pk": 469, "fields": {"input_tokens": 1595, "output_tokens": 1036, "model": 2, "prompt": "Благотворительный Фонд Константина Хабенского с 2008 года осуществляет помощь в лечении детей с онкологическими и другими тяжёлыми заболеваниями головного и спинного мозга. \nСогласно годовому финансовому отчетупоступления и расходы Фонда в 2020 году составили:\nПоступления в Фонд\nМлн руб.\nРасходы Фонда\nМлн руб.\nПоступления через платежные сервисы: СМС, банковские карты, электронные кошельки и т.д.\n178,5\n«Адресная помощь» (Сопровождение с начала диагностики на всех этапах лечения)\n197,8\nПоступления на расчетный счет\n123,1\n«Помощь медицинским учреждениям» (Развитие инфраструктуры профильных отделений клиник)\n71,3\nПартнерские акции (при приобретении товаров, услуг часть средств направлялась в Фонд)\n85,1\nАдминистративно-хозяйственные расходы на реализацию программ\n38,3\nСпецпроекты и мероприятия (продажа билетов на благотворительные концерты и мероприятия)\n24,9\n«Терапия счастья» (Поддержка во время лечения и реабилитация)\n32,3\nГранты негосударственных НКО\n18,8\nКомиссии банков и платежных систем\n7,0\nПоступления через фандрайзинговые платформы\n18,1\nАдминистративно-хозяйственные расходы на развитие и управление\n6,1\n«Благотворительность вместо сувениров», «Уроки добра», «События со смыслом» (собственные проекты Фонда, направленные на сбор средств)\n15,9\n«Знать и не бояться» (образовательные проекты для врачей и пациентов)\n3,7\nГосударственная премия за выдающиеся достижения в области благотворительной деятельности Константина Хабенского\n10,0\n \n \nНефинансовые пожертвования\n9,7\n \n \nСборы в боксы на спектаклях и концертах\n4,8\n \n \nТребуется определить: \nОпределить структуру финансовых ресурсов фонда за отчетный период (долю доходов и поступлений, а также размер накоплений Фонда). Какова доля административных расходов в Фонде и отвечает ли она требованиям закона?", "action_type": 8, "user": 66, "created_at": "2025-03-18T13:12:35.994", "updated_at": "2025-03-18T13:12:35.994"}}, {"model": "api.useraction", "pk": 470, "fields": {"input_tokens": 3742, "output_tokens": 516, "model": 2, "prompt": "", "action_type": 8, "user": 66, "created_at": "2025-03-18T13:15:31.646", "updated_at": "2025-03-18T13:15:31.646"}}, {"model": "api.useraction", "pk": 471, "fields": {"input_tokens": 7627, "output_tokens": 545, "model": 2, "prompt": "(209.218,144.325); (198.747,144.347); (198.012,143.19); (202.908,143.181); (201.451,144.535); (205.499,143.792); (205.131,142.706); (206.905,145.903); (202.439,143.7); (202.578,141.335); (213.431,143.104); (216.093,141.834); (201.695,145.047); (197.027,143.07); (204.591,143.13); (216.385,145.086); (209.565,143.837); (195.672,144.698); (198.729,144.373); (198.108,140.972); (203.046,142.537); (202.857,144.584); (216.422,141.795); (203.43,142.128); (212.069,143.743); (204.361,142.739); (205.857,141.973); (209.281,142.747); (197.901,144.8); (202.904,145.591); (221.248,NA); (215.999,142.536); (212.33,142.547); (199.338,143.467); (209.001,145.214); (190.189,142.793); (200.416,143.866); (206.299,142.835); (198.075,142.813); (NA,146.124); (200.407,143.989); (205.127,142.303); (194.1,143.664); (214.419,143.607); (212.031,142.789); (209.089,142.416); (219.332,143.288); (200.428,144.028); (209.442,143.099); (198.069,140.534); (212.264,143.59); (227.295,143.163); (219.04,144.079); (199.415,145.287); (216.807,144.363); (195.071,144.174); (214.855,144.209); (203.309,139.225); (208.007,145.327); (202.189,143.033); (199.856,143.855); (201.473,143.742); (199.469,145.914); (214.315,143.45); (204.696,143.384); (214.673,143.996); (209.578,143.397); (217.06,143.448); (192.814,144.387); (218.661,143.021); (207.459,141.38); (202.394,142.387); (212.771,144.623); (211.379,143.819); (199.584,142.605); (207.133,145.755); (202.228,142.853); (197.337,143.274); (201.233,141.839); (205.866,144.326); (192.512,142.739); (212.669,145.547); (NA,144.099); (220.439,143.312); (213.544,143.454); (215.042,141.96); (206.928,143.769); (207.629,143.445); (207.845,143.272); (206.038,143.914); (211.001,144.026); (213.071,142.813)}.\n\n1. Используя Excel или R(RStudio), очистите исходную выборку от пропущенных данных, обозначенных как \"NA\", и вычислите требуемые ниже величины:\n\n   \n\n1.1.1. введите значение размаха выборки для компоненты X\n: Ответ за часть 1 и координаты 1\n41.85899999999998\n1.1.2. введите значение размаха выборки для компоненты Y\n: Ответ за часть 1 и координаты 2\n7.617999999999995\n   \n\n1.2.1. введите значение межквартильного размаха  выборки для компоненты X\n: Ответ за часть 2 и координаты 1\n9.816000000000003\n1.2.2. введите значение межквартильного размаха  выборки для компоненты  Y\n: Ответ за часть 2 и координаты 2\n1.63149999999996\n   \n\n2. Определите границы нормы в очищенных от пропусков выборках для каждой из компонент в отдельности и вычислите требуемые ниже величины:\n\n   \n\n2.1. введите общее количество выбросов для компоненты X\n: Ответ за часть 3 и координаты 1\n4\n2.2. введите общее количество выбросов для компоненты Y\n: Ответ за часть 3 и координаты 2\n2\n3. Удалите выбросы в очищенных от пропусков выборках для каждой из компонент в отдельности и вычислите требуемые ниже величины:\n\n   \n\n3.1.1. введите стандартную ошибку очищенной от пропусков и выбросов выборки для компоненты X\n: Ответ за часть 4 и координаты 1\n3.1.2. введите эксцесс очищенной от пропусков и выбросов выборки для компоненты X\n: Ответ за часть 4 и координаты 2\n3.1.3. введите коэффициент асимметрии  очищенной от пропусков и выбросов выборки для компоненты X\n: Ответ за часть 4 и координаты 3\n   \n\n3.2.1. введите (несмещенное) стандартное отклонение очищенной от пропусков и выбросов выборки для компоненты Y\n: Ответ за часть 5 и координаты 1\n3.2.2. введите эксцесс очищенной от пропусков и выбросов выборки для компоненты Y\n: Ответ за часть 5 и координаты 2\n3.2.3. введите коэффициент асимметрии  очищенной от пропусков и выбросов выборки для компоненты Y\n:", "action_type": 8, "user": 66, "created_at": "2025-03-20T00:14:57.832", "updated_at": "2025-03-20T00:14:57.832"}}, {"model": "api.useraction", "pk": 472, "fields": {"input_tokens": 7627, "output_tokens": 598, "model": 2, "prompt": "(209.218,144.325); (198.747,144.347); (198.012,143.19); (202.908,143.181); (201.451,144.535); (205.499,143.792); (205.131,142.706); (206.905,145.903); (202.439,143.7); (202.578,141.335); (213.431,143.104); (216.093,141.834); (201.695,145.047); (197.027,143.07); (204.591,143.13); (216.385,145.086); (209.565,143.837); (195.672,144.698); (198.729,144.373); (198.108,140.972); (203.046,142.537); (202.857,144.584); (216.422,141.795); (203.43,142.128); (212.069,143.743); (204.361,142.739); (205.857,141.973); (209.281,142.747); (197.901,144.8); (202.904,145.591); (221.248,NA); (215.999,142.536); (212.33,142.547); (199.338,143.467); (209.001,145.214); (190.189,142.793); (200.416,143.866); (206.299,142.835); (198.075,142.813); (NA,146.124); (200.407,143.989); (205.127,142.303); (194.1,143.664); (214.419,143.607); (212.031,142.789); (209.089,142.416); (219.332,143.288); (200.428,144.028); (209.442,143.099); (198.069,140.534); (212.264,143.59); (227.295,143.163); (219.04,144.079); (199.415,145.287); (216.807,144.363); (195.071,144.174); (214.855,144.209); (203.309,139.225); (208.007,145.327); (202.189,143.033); (199.856,143.855); (201.473,143.742); (199.469,145.914); (214.315,143.45); (204.696,143.384); (214.673,143.996); (209.578,143.397); (217.06,143.448); (192.814,144.387); (218.661,143.021); (207.459,141.38); (202.394,142.387); (212.771,144.623); (211.379,143.819); (199.584,142.605); (207.133,145.755); (202.228,142.853); (197.337,143.274); (201.233,141.839); (205.866,144.326); (192.512,142.739); (212.669,145.547); (NA,144.099); (220.439,143.312); (213.544,143.454); (215.042,141.96); (206.928,143.769); (207.629,143.445); (207.845,143.272); (206.038,143.914); (211.001,144.026); (213.071,142.813)}.\n\n1. Используя Excel или R(RStudio), очистите исходную выборку от пропущенных данных, обозначенных как \"NA\", и вычислите требуемые ниже величины:\n\n   \n\n1.1.1. введите значение размаха выборки для компоненты X\n: Ответ за часть 1 и координаты 1\n41.85899999999998\n1.1.2. введите значение размаха выборки для компоненты Y\n: Ответ за часть 1 и координаты 2\n7.617999999999995\n   \n\n1.2.1. введите значение межквартильного размаха  выборки для компоненты X\n: Ответ за часть 2 и координаты 1\n9.816000000000003\n1.2.2. введите значение межквартильного размаха  выборки для компоненты  Y\n: Ответ за часть 2 и координаты 2\n1.63149999999996\n   \n\n2. Определите границы нормы в очищенных от пропусков выборках для каждой из компонент в отдельности и вычислите требуемые ниже величины:\n\n   \n\n2.1. введите общее количество выбросов для компоненты X\n: Ответ за часть 3 и координаты 1\n4\n2.2. введите общее количество выбросов для компоненты Y\n: Ответ за часть 3 и координаты 2\n2\n3. Удалите выбросы в очищенных от пропусков выборках для каждой из компонент в отдельности и вычислите требуемые ниже величины:\n\n   \n\n3.1.1. введите стандартную ошибку очищенной от пропусков и выбросов выборки для компоненты X\n: Ответ за часть 4 и координаты 1\n3.1.2. введите эксцесс очищенной от пропусков и выбросов выборки для компоненты X\n: Ответ за часть 4 и координаты 2\n3.1.3. введите коэффициент асимметрии  очищенной от пропусков и выбросов выборки для компоненты X\n: Ответ за часть 4 и координаты 3\n   \n\n3.2.1. введите (несмещенное) стандартное отклонение очищенной от пропусков и выбросов выборки для компоненты Y\n: Ответ за часть 5 и координаты 1\n3.2.2. введите эксцесс очищенной от пропусков и выбросов выборки для компоненты Y\n: Ответ за часть 5 и координаты 2\n3.2.3. введите коэффициент асимметрии  очищенной от пропусков и выбросов выборки для компоненты Y\n:", "action_type": 8, "user": 66, "created_at": "2025-03-20T00:15:00.526", "updated_at": "2025-03-20T00:15:00.526"}}, {"model": "api.useraction", "pk": 473, "fields": {"input_tokens": 11883, "output_tokens": 437, "model": 2, "prompt": "(167.467,152.882); (146.438,155.641); (233.085,152.895); (203.139,151.086); (218.026,153.881); (159.614,153.041); (241.216,153.091); (248.824,154.554); (178.228,152.723); (202.469,153.471); (199.674,155.529); (239.652,153.332); (203.315,151.749); (240.59,151.804); (196.774,153.064); (258.63,152.313); (208.042,NA); (198.949,153.028); (200.788,152.493); (206.582,152.275); (NA,153.969); (196.358,NA); (199.488,153.913); (172.214,153.006); (227.195,NA); (208.901,NA); (177.406,153.797); (154.123,153.54); (207.844,153.458); (239.23,NA); (162.755,154.903); (178.417,153.752); (192.628,153.586); (192.7,154.393); (202.566,155.427); (171.61,152.331); (151.624,152.404); (188.01,151.535); (240.4,154.788); (242.59,152.025); (131.393,153.629); (158.218,152.63); (245.529,152.58); (231.652,155.353); (243.283,154.416); (178.17,156.692); (220.953,154.945); (144.004,153.932); (197.292,153.638); (203.998,152.181); (191.379,153.491); (221.409,155.322); (192.933,154.23); (186.336,153.282); (183.503,150.279); (214.113,152.083); (164.045,152.911); (228.176,152.816); (233.946,154.601); (226.952,154.748); (183.885,155.12); (196.832,152.565); (197.426,154.283); (192.759,153.155); (210.188,150.963); (253.158,154.514); (207.923,152.104); (154.078,154.079); (190.364,152.199)}.\n\n1. Используя Excel или R(RStudio), очистите исходную выборку от пропущенных данных, обозначенных как \"NA\", и вычислите требуемые ниже величины:\n\n   \n\n1.1.1. введите значение размаха выборки для компоненты X\n: Ответ за часть 1 и координаты 1\n1.1.2. введите значение размаха выборки для компоненты Y\n: Ответ за часть 1 и координаты 2\n   \n\n1.2.1. введите значение межквартильного размаха  выборки для компоненты X\n: Ответ за часть 2 и координаты 1\n1.2.2. введите значение межквартильного размаха  выборки для компоненты  Y\n: Ответ за часть 2 и координаты 2\n   \n\n2. Определите границы нормы в очищенных от пропусков выборках для каждой из компонент в отдельности и вычислите требуемые ниже величины:\n\n   \n\n2.1. введите общее количество выбросов для компоненты X\n: Ответ за часть 3 и координаты 1\n2.2. введите общее количество выбросов для компоненты Y\n: Ответ за часть 3 и координаты 2\n3. Удалите выбросы в очищенных от пропусков выборках для каждой из компонент в отдельности и вычислите требуемые ниже величины:\n\n   \n\n3.1.1. введите стандартную ошибку очищенной от пропусков и выбросов выборки для компоненты X\n: Ответ за часть 4 и координаты 1\n3.1.2. введите эксцесс очищенной от пропусков и выбросов выборки для компоненты X\n: Ответ за часть 4 и координаты 2\n3.1.3. введите коэффициент асимметрии  очищенной от пропусков и выбросов выборки для компоненты X\n: Ответ за часть 4 и координаты 3\n   \n\n3.2.1. введите (несмещенное) стандартное отклонение очищенной от пропусков и выбросов выборки для компоненты Y\n: Ответ за часть 5 и координаты 1\n3.2.2. введите эксцесс очищенной от пропусков и выбросов выборки для компоненты Y\n: Ответ за часть 5 и координаты 2\n3.2.3. введите коэффициент асимметрии  очищенной от пропусков и выбросов выборки для компоненты Y\n:", "action_type": 8, "user": 66, "created_at": "2025-03-20T18:29:11.269", "updated_at": "2025-03-20T18:29:11.269"}}, {"model": "api.useraction", "pk": 474, "fields": {"input_tokens": 11883, "output_tokens": 492, "model": 2, "prompt": "(167.467,152.882); (146.438,155.641); (233.085,152.895); (203.139,151.086); (218.026,153.881); (159.614,153.041); (241.216,153.091); (248.824,154.554); (178.228,152.723); (202.469,153.471); (199.674,155.529); (239.652,153.332); (203.315,151.749); (240.59,151.804); (196.774,153.064); (258.63,152.313); (208.042,NA); (198.949,153.028); (200.788,152.493); (206.582,152.275); (NA,153.969); (196.358,NA); (199.488,153.913); (172.214,153.006); (227.195,NA); (208.901,NA); (177.406,153.797); (154.123,153.54); (207.844,153.458); (239.23,NA); (162.755,154.903); (178.417,153.752); (192.628,153.586); (192.7,154.393); (202.566,155.427); (171.61,152.331); (151.624,152.404); (188.01,151.535); (240.4,154.788); (242.59,152.025); (131.393,153.629); (158.218,152.63); (245.529,152.58); (231.652,155.353); (243.283,154.416); (178.17,156.692); (220.953,154.945); (144.004,153.932); (197.292,153.638); (203.998,152.181); (191.379,153.491); (221.409,155.322); (192.933,154.23); (186.336,153.282); (183.503,150.279); (214.113,152.083); (164.045,152.911); (228.176,152.816); (233.946,154.601); (226.952,154.748); (183.885,155.12); (196.832,152.565); (197.426,154.283); (192.759,153.155); (210.188,150.963); (253.158,154.514); (207.923,152.104); (154.078,154.079); (190.364,152.199)}.\n\n1. Используя Excel или R(RStudio), очистите исходную выборку от пропущенных данных, обозначенных как \"NA\", и вычислите требуемые ниже величины:\n\n   \n\n1.1.1. введите значение размаха выборки для компоненты X\n: Ответ за часть 1 и координаты 1\n1.1.2. введите значение размаха выборки для компоненты Y\n: Ответ за часть 1 и координаты 2\n   \n\n1.2.1. введите значение межквартильного размаха  выборки для компоненты X\n: Ответ за часть 2 и координаты 1\n1.2.2. введите значение межквартильного размаха  выборки для компоненты  Y\n: Ответ за часть 2 и координаты 2\n   \n\n2. Определите границы нормы в очищенных от пропусков выборках для каждой из компонент в отдельности и вычислите требуемые ниже величины:\n\n   \n\n2.1. введите общее количество выбросов для компоненты X\n: Ответ за часть 3 и координаты 1\n2.2. введите общее количество выбросов для компоненты Y\n: Ответ за часть 3 и координаты 2\n3. Удалите выбросы в очищенных от пропусков выборках для каждой из компонент в отдельности и вычислите требуемые ниже величины:\n\n   \n\n3.1.1. введите стандартную ошибку очищенной от пропусков и выбросов выборки для компоненты X\n: Ответ за часть 4 и координаты 1\n3.1.2. введите эксцесс очищенной от пропусков и выбросов выборки для компоненты X\n: Ответ за часть 4 и координаты 2\n3.1.3. введите коэффициент асимметрии  очищенной от пропусков и выбросов выборки для компоненты X\n: Ответ за часть 4 и координаты 3\n   \n\n3.2.1. введите (несмещенное) стандартное отклонение очищенной от пропусков и выбросов выборки для компоненты Y\n: Ответ за часть 5 и координаты 1\n3.2.2. введите эксцесс очищенной от пропусков и выбросов выборки для компоненты Y\n: Ответ за часть 5 и координаты 2\n3.2.3. введите коэффициент асимметрии  очищенной от пропусков и выбросов выборки для компоненты Y\n:", "action_type": 8, "user": 66, "created_at": "2025-03-20T18:29:11.606", "updated_at": "2025-03-20T18:29:11.606"}}, {"model": "api.useraction", "pk": 475, "fields": {"input_tokens": 12836, "output_tokens": 19, "model": 2, "prompt": "сейчас буду скидывать задачу по частям нужно решить", "action_type": 8, "user": 66, "created_at": "2025-03-20T21:00:28.859", "updated_at": "2025-03-20T21:00:28.859"}}, {"model": "api.useraction", "pk": 476, "fields": {"input_tokens": 14221, "output_tokens": 21, "model": 2, "prompt": "Ряд совместных наблюдений независимых нормально распределенных случайных величин X\n и Y\n задан двумерной выборкой:  {(124.102,221.316); (193.113,221.832); (193.875,221.885); (176.638,221.162); (142.975,220.766); (148.844,221.995); (218.912,222.191); (208.604,221.208); (NA,221.239); (111.987,222.151); (209.953,221.496); (192.305,221.851); (126.648,222.337); (204.051,220.872); (227.33,221.159); (137.852,221.445); (300.857,221.941); (242.592,221.346); (156.043,222.747); (243.485,221.738); (155.362,220.826); (151.373,221.413); (171.242,220.59); (190.094,221.755); (114.177,222.394); (167.308,221.152); (196.456,220.881); (210.667,221.948); (NA,221.283); (202.773,221.833); (215.045,221.414); (218.086,222.621); (215.485,221.904); (202.985,220.705); (202.74,221.116); (234.64,221.339); (159.051,222.326); (169.013,221.396); (218.374,222.504); (163.79,221.226); (266.301,220.486); (162.34,221.849); (186.244,220.779); (228.041,221.104); (248.309,222.185); (238.295,222.167); (281.972,220.88); (164.859,223.553); (161.46,220.701); (161.568,221.677); (123.085,222.723); (152.014,221.596); (182.986,222.073); (183.251,221.983); (167.014,222.545); (147.905,220.747); (188.398,221.691); (174.107,221.741); (145.547,221.246); (171.761,221.915); (256.041,221.553); (110.711,222.171); (275.994,221.797); (216.022,221.506); (133.647,221.628); (224.59,221.31); (233.625,221.298); (211.889,221.279); (163.419,221.43); (172.92,221.389); (188.837,220.502); (215.54,221.234); (193.759,222.021); (163.147,221.592); (235.745,221.572); (169.344,222.797); (196.081,220.372); (104.863,221.768); (224.498,221.673); (241.833,222.26); (174.514,221.676); (208.533,221.627); (219.228,221.015); (108.202,221.945); (200.19,221.495); (261.282,NA); (153.53,222.122); (156.824,220.782); (126.21,223.028); (161.537,220.672); (220.185,220.893); (193.965,221.761); (163.624,220.934); (113.524,221.91); (217.944,220.954); (233.836,221.726); (180.932,222.224); (168.834,221.586); (247.576,221.686); (156.146,221.233); (144.66,222.557); (229.358,221.374); (191.903,222.723); (233.754,221.548); (205.944,220.837); (261.719,221.402); (238.854,221.826); (254.9,222.199); (170.097,221.816); (189.235,221.115); (222.293,221.089); (59.471,222.423); (194.572,221.945); (NA,219.996); (175.163,222.087); (224.869,221.752); (200.229,221.055); (151.552,222.285); (190.757,221.55); (156.805,221.804); (200.596,221.038); (200.689,220.897); (146.965,221.849); (188.993,221.962); (230.603,221.628); (196.94,221.678); (232.769,222.195); (191.128,221.565); (204.769,221.415); (186.849,223.264); (207.402,220.887); (212.848,221.686); (235.777,221.441); (221.769,222.478); (167.529,221.64); (196.101,222.341); (163.551,222.356); (169.523,221.022); (167.608,NA); (207.025,221.822); (233.845,220.447); (265.675,221.858); (63.031,221.018); (191.663,220.872); (187.422,222.655); (175.338,220.612); (239.38,222.514); (211.114,222.165); (220.195,221.381);", "action_type": 8, "user": 66, "created_at": "2025-03-20T21:01:13.507", "updated_at": "2025-03-20T21:01:13.507"}}, {"model": "api.useraction", "pk": 477, "fields": {"input_tokens": 15705, "output_tokens": 464, "model": 2, "prompt": "(189.891,221.671); (143.808,221.679); (209.723,219.597); (242.545,223.174); (228.071,221.257); (136.752,221.428); (97.841,221.868); (196.745,221.91); (180.637,222.915); (255.604,222.127); (225.232,220.393); (251.638,221.016); (NA,222.133); (172.25,221.036); (164.636,222.222); (153.83,222.277); (214.739,221.06); (218.889,222.028); (201.379,221.117); (202.908,221.052); (206.008,221.437); (221.146,221.359); (194.007,222.275); (198.634,221.182); (134.418,221.801); (192.906,222.306); (174.846,221.374); (180,221.062); (230.49,221.711); (166.612,221.989); (216.027,221.062); (240.57,221.374); (152.947,222.099); (203.332,221.857); (177.706,220.558); (191.094,221.516); (241.742,221.654); (180.426,222.079); (178.406,222.079); (171.147,221.655); (170.095,220.507); (229.436,222.23); (199.218,221.257); (241.637,220.707); (224.408,222.691); (192.623,222.19); (201.17,221.194); (246.844,222.099); (171.364,222.551); (221.548,222.424); (NA,221.783); (144.904,221.816); (209.359,221.203); (154.366,220.938); (153.107,221.847); (176.087,220.81); (208.447,221.801); (267.789,221.738); (208.726,221.223); (238.234,220.821); (183.091,222.509); (180.986,222.431); (244.411,NA); (228.182,221.931); (281.691,221.127); (221.822,221.728); (152.486,221.947); (205.628,221.15); (228.587,221.646); (197.283,221.558); (159.812,220.745); \nеще будет 2 фрагмента(176.384,221.061); (204.933,221.526); (178.745,221.325); (159.174,220.141); (197.29,222.075); (163.152,222.291); (166.263,221.497); (259.965,220.946); (147.023,220.463); (212.324,221.951); (173.314,222.303); (118.355,NA); (204.837,222.016); (194.748,221.798); (198.031,221.855); (275.207,221.452); (192.575,221.314); (205.527,221.885); (187.082,222.121); (306.713,221.127); (204.64,221.285); (244.384,220.145); (170.668,221.915); (184.018,222.329); (187.96,221.476); (146.52,222.07); (192.915,222.057); (117.121,221.001); (190.843,222.189); (176.885,221.546); (136.71,222.217); (179.023,221.542); (185.272,221.225); (161.886,221.254); (267.526,221.944); (176.774,221.068); (181.226,221.47); (266.418,221.288); (259.716,222.097); (229.316,221.477); (114.055,222.053); (NA,220.769); (123.355,222.033); (169.028,221.34); (206.157,220.719); (176.253,221.906); (240.503,221.046); (218.277,221.638); (175.41,221.445); (252.079,221.908); (135.007,222.208); (213.672,221.944); (227.398,221.451); (233.559,221.267); (190.794,221.194); (181.293,222.598); (233.093,221.454); (242.459,221.935); (200.63,221.782); (249.954,220.675); (205.205,221.862); (242.323,221.553); (222.018,222.098); (146.307,221.502); (217.733,221.856); (173.042,221.537); (218.699,221.745); (230.289,221.13); (185.898,221.481); (132.888,220.405); (199.506,222.123); (128.087,222.858); (238.997,220.555); (206.314,221.875); (219.716,221.881); (165.265,221.557); (186.832,221.31); (140.708,221.031); (165.242,221.289); (222.85,221.788); (135.36,221.355); (177.94,222.434); (148.367,222.271); (160.346,222.561); (193.921,222.337); (225.626,221.865); (186.159,221.238); (200.986,221.786); (222.515,221.254); (178.003,222.133); (207.974,220.972)}.", "action_type": 8, "user": 66, "created_at": "2025-03-20T21:01:57.934", "updated_at": "2025-03-20T21:01:57.934"}}, {"model": "api.useraction", "pk": 478, "fields": {"input_tokens": 16768, "output_tokens": 500, "model": 2, "prompt": "1. Используя Excel или R(RStudio), очистите исходную выборку от пропущенных данных, обозначенных как \"NA\", и вычислите требуемые ниже величины:\n\n   \n\n1.1.1. введите значение размаха выборки для компоненты X\n: Ответ за часть 1 и координаты 1\n247.242\n1.1.2. введите значение размаха выборки для компоненты Y\n: Ответ за часть 1 и координаты 2\n3.95599999999999\n   \n\n1.2.1. введите значение межквартильного размаха  выборки для компоненты X\n: Ответ за часть 2 и координаты 1\n1.2.2. введите значение межквартильного размаха  выборки для компоненты  Y\n: Ответ за часть 2 и координаты 2\n   \n\n2. Определите границы нормы в очищенных от пропусков выборках для каждой из компонент в отдельности и вычислите требуемые ниже величины:\n\n   \n\n2.1. введите общее количество выбросов для компоненты X\n: Ответ за часть 3 и координаты 1\n2.2. введите общее количество выбросов для компоненты Y\n: Ответ за часть 3 и координаты 2\n3. Удалите выбросы в очищенных от пропусков выборках для каждой из компонент в отдельности и вычислите требуемые ниже величины:\n\n   \n\n3.1.1. введите стандартную ошибку очищенной от пропусков и выбросов выборки для компоненты X\n: Ответ за часть 4 и координаты 1\n3.1.2. введите эксцесс очищенной от пропусков и выбросов выборки для компоненты X\n: Ответ за часть 4 и координаты 2\n3.1.3. введите коэффициент асимметрии  очищенной от пропусков и выбросов выборки для компоненты X\n: Ответ за часть 4 и координаты 3\n   \n\n3.2.1. введите (несмещенное) стандартное отклонение очищенной от пропусков и выбросов выборки для компоненты Y\n: Ответ за часть 5 и координаты 1\n3.2.2. введите эксцесс очищенной от пропусков и выбросов выборки для компоненты Y\n: Ответ за часть 5 и координаты 2\n3.2.3. введите коэффициент асимметрии  очищенной от пропусков и выбросов выборки для компоненты Y\n: Ответ за часть 5 и координаты 3\n\n\nреши это отправь точные ответы не ошибайся", "action_type": 8, "user": 66, "created_at": "2025-03-20T21:02:40.473", "updated_at": "2025-03-20T21:02:40.473"}}, {"model": "api.useraction", "pk": 479, "fields": {"input_tokens": 17280, "output_tokens": 279, "model": 2, "prompt": "скинь мне сразу ответы", "action_type": 8, "user": 66, "created_at": "2025-03-20T21:03:27.970", "updated_at": "2025-03-20T21:03:27.970"}}, {"model": "api.useraction", "pk": 480, "fields": {"input_tokens": 1962, "output_tokens": 5353, "model": 5, "prompt": "Имеется выборка {9.01, 12.18, 9.08, 13.1, 16.04, 11.91, 11.77, 12.05, 9.5, 14.14, 14.78, 11.91, 12.01, 17.47, 9.57, 9.21, 15.64, 16.24, 14.93, 12.61, 13.26, 13.53, 15.41, 10.12, 13.74, 17.41, 9.33, 13.43, 12.15, 14.12, 14.89, 16.41, 9.52, 12.9, 15.03, 9.81, 14.88, 14.64, 16.31}.\n\nМетодом моментов найдите оценки параметров равномерного распределения. Для однопараметрических распределений используйте первый начальный момент ν^1=1ns∑i=1nsxi\n, где ns\n – объем выборки. Для двухпараметрических распределений дополнительно используйте второй центральный момент μ^2=1ns∑i=1ns(xi−ν^1)2\n. Полезно свериться с краткой теоретической справкой.\n\n\n\n\nОценки моментов:\n\n\nν^1=\nОтвет за часть 1\nμ^2=\nОтвет за часть 2\nТаблица 1.\nОсновные законы распределений:\nf(x)={0,x<0;λe−λx,x≥0;E(X)=1λ,Var(X)=1λ2\n (1)\nP(X=x)=Cxnpx(1−p)n−x;E(X)=np;Var(X)=np(1−p)\n (2) f(x)={1b−a,x∈[a;b];0,x∉[a;b];E(X)=(a+b)2,Var(X)=(b−a)212\n  (3)\nf(x)=1σ2π−−√e−(x−m)22σ2E(X)=m,Var(X)=σ2\n  (4) P(X=x)=λxx!e−λ;E(X)=Var(X)=λ\n  (5) P(X=x)=p(1−p)x−1;E(X)=1p;Var(X)=qp2\n  (6)\n \n\n\nНомер группы формул из таблицы 1., относящихся к заданному закону распределения\n\nОтвет за часть 3 и координаты 1\nТаблица 2.\nФормулы для оценки параметров распределений:\nm^=ν^1\n  (1)\nσ^=μ^2−−√\n  (2) p^=1−μ^2ν^1\n  (3)\np^=1ν^1\n  (4) λ^=ν^1\n  (5) b^=ν^1+3μ^2−−−√\n  (6)\na^=ν^1−3μ^2−−−√\n  (7) λ^=1ν^1\n  (8) n^=ν^1p^\n  (9)\n\n\n\n   \n\nОценки параметра(ов) распределения:\n\n\nОцениваемый параметр Формула (Таблица 2.)    Числовое значение\nОтвет за часть 4 и координаты 1\n      Ответ за часть 4 и координаты 2\n      Ответ за часть 4 и координаты 3\nВнимание! Если распределение является однопараметрическим, во второй\nстроке следует выбирать \"–\", \"(–)\" в качестве ответов в первом и\nвтором столбцах соответственно и любое число в поле для значения\nпараметра, например, \"0\".\n\nОтвет за часть 5 и координаты 1\n                                \nОтвет за часть 5 и координаты 2\n                            \nОтвет за часть 5 и координаты 3", "action_type": 8, "user": 66, "created_at": "2025-03-21T22:31:04.324", "updated_at": "2025-03-21T22:31:04.324"}}, {"model": "api.useraction", "pk": 481, "fields": {"input_tokens": 2771, "output_tokens": 829, "model": 5, "prompt": "Статистика", "action_type": 8, "user": 66, "created_at": "2025-03-21T22:31:44.139", "updated_at": "2025-03-21T22:31:44.139"}}, {"model": "api.useraction", "pk": 482, "fields": {"input_tokens": 3976, "output_tokens": 3170, "model": 5, "prompt": "Имеется выборка {9.01, 12.18, 9.08, 13.1, 16.04, 11.91, 11.77, 12.05, 9.5, 14.14, 14.78, 11.91, 12.01, 17.47, 9.57, 9.21, 15.64, 16.24, 14.93, 12.61, 13.26, 13.53, 15.41, 10.12, 13.74, 17.41, 9.33, 13.43, 12.15, 14.12, 14.89, 16.41, 9.52, 12.9, 15.03, 9.81, 14.88, 14.64, 16.31}.\n\nМетодом моментов найдите оценки параметров равномерного распределения. Для однопараметрических распределений используйте первый начальный момент ν^1=1ns∑i=1nsxi\n, где ns\n – объем выборки. Для двухпараметрических распределений дополнительно используйте второй центральный момент μ^2=1ns∑i=1ns(xi−ν^1)2\n. Полезно свериться с краткой теоретической справкой.\n\n\n\n\nОценки моментов:\n\n\nν^1=\nОтвет за часть 1\nμ^2=\nОтвет за часть 2\nТаблица 1.\nОсновные законы распределений:\nf(x)={0,x<0;λe−λx,x≥0;E(X)=1λ,Var(X)=1λ2\n (1)\nP(X=x)=Cxnpx(1−p)n−x;E(X)=np;Var(X)=np(1−p)\n (2) f(x)={1b−a,x∈[a;b];0,x∉[a;b];E(X)=(a+b)2,Var(X)=(b−a)212\n  (3)\nf(x)=1σ2π−−√e−(x−m)22σ2E(X)=m,Var(X)=σ2\n  (4) P(X=x)=λxx!e−λ;E(X)=Var(X)=λ\n  (5) P(X=x)=p(1−p)x−1;E(X)=1p;Var(X)=qp2\n  (6)\n \n\n\nНомер группы формул из таблицы 1., относящихся к заданному закону распределения\n\nОтвет за часть 3 и координаты 1\nТаблица 2.\nФормулы для оценки параметров распределений:\nm^=ν^1\n  (1)\nσ^=μ^2−−√\n  (2) p^=1−μ^2ν^1\n  (3)\np^=1ν^1\n  (4) λ^=ν^1\n  (5) b^=ν^1+3μ^2−−−√\n  (6)\na^=ν^1−3μ^2−−−√\n  (7) λ^=1ν^1\n  (8) n^=ν^1p^\n  (9)\n\n\n\n   \n\nОценки параметра(ов) распределения:\n\n\nОцениваемый параметр Формула (Таблица 2.)    Числовое значение\nОтвет за часть 4 и координаты 1\n      Ответ за часть 4 и координаты 2\n      Ответ за часть 4 и координаты 3\nВнимание! Если распределение является однопараметрическим, во второй\nстроке следует выбирать \"–\", \"(–)\" в качестве ответов в первом и\nвтором столбцах соответственно и любое число в поле для значения\nпараметра, например, \"0\".\n\nОтвет за часть 5 и координаты 1\n                                \nОтвет за часть 5 и координаты 2\n                            \nОтвет за часть 5 и координаты 3", "action_type": 8, "user": 66, "created_at": "2025-03-21T22:32:49.512", "updated_at": "2025-03-21T22:32:49.512"}}, {"model": "api.useraction", "pk": 483, "fields": {"input_tokens": 5544, "output_tokens": 533, "model": 2, "prompt": "реши это", "action_type": 8, "user": 66, "created_at": "2025-03-21T22:35:09.711", "updated_at": "2025-03-21T22:35:09.711"}}, {"model": "api.useraction", "pk": 484, "fields": {"input_tokens": 6417, "output_tokens": 408, "model": 2, "prompt": "Имеется выборка {0, 0.17, 0.73, 0.17, 0.6, 0.23, 0.1, 0.47, 0.13, 0.45, 0.76, 0.41, 0.55, 0.02, 0.36, 0.29, 0.49, 0.23, 0.17, 0.27, 0, 0.02, 0.15, 0.33, 0.23, 0.38, 0.08, 0.21, 0.95, 0.13, 0.46, 0.11, 0.15, 0.6, 0.08, 0.27, 0.06, 0.18, 0.18, 0.25}.\n\nМетодом моментов найдите оценки параметров показательного распределения. Для однопараметрических распределений используйте первый начальный момент ν^1=1ns∑i=1nsxi\n, где ns\n – объем выборки. Для двухпараметрических распределений дополнительно используйте второй центральный момент μ^2=1ns∑i=1ns(xi−ν^1)2\n. Полезно свериться с краткой теоретической справкой.\n\n\n\n\nОценки моментов:\n\n\nν^1=\nОтвет за часть 1\nμ^2=\nОтвет за часть 2", "action_type": 8, "user": 66, "created_at": "2025-03-21T22:37:27.381", "updated_at": "2025-03-21T22:37:27.381"}}, {"model": "api.useraction", "pk": 485, "fields": {"input_tokens": 7600, "output_tokens": 393, "model": 2, "prompt": "реши это", "action_type": 8, "user": 66, "created_at": "2025-03-21T22:38:05.670", "updated_at": "2025-03-21T22:38:05.671"}}, {"model": "api.useraction", "pk": 486, "fields": {"input_tokens": 8602, "output_tokens": 293, "model": 2, "prompt": "еще раз попробуй решить это", "action_type": 8, "user": 66, "created_at": "2025-03-21T22:40:20.647", "updated_at": "2025-03-21T22:40:20.647"}}, {"model": "api.subscriptiontype", "pk": 1, "fields": {"name": "hour", "duration": 1, "price": 0}}, {"model": "api.subscriptiontype", "pk": 2, "fields": {"name": "week", "duration": 168, "price": 555}}, {"model": "api.subscriptiontype", "pk": 3, "fields": {"name": "lifetime", "duration": 9999999, "price": 25000}}, {"model": "api.usersubscription", "pk": 5, "fields": {"sub_type": 1, "user": 4, "created_at": "2024-12-17T16:12:09.572", "till": "2025-03-07T17:24:30.997", "is_active": false}}, {"model": "api.usersubscription", "pk": 13, "fields": {"sub_type": 1, "user": 9, "created_at": "2024-12-24T11:47:33.296", "till": "2025-03-07T17:24:30.997", "is_active": false}}, {"model": "api.usersubscription", "pk": 14, "fields": {"sub_type": 1, "user": 12, "created_at": "2024-12-25T23:28:13.066", "till": "2025-03-07T17:24:30.997", "is_active": false}}, {"model": "api.usersubscription", "pk": 15, "fields": {"sub_type": 1, "user": 13, "created_at": "2025-01-02T17:29:56.914", "till": "2025-03-07T17:24:30.997", "is_active": false}}, {"model": "api.usersubscription", "pk": 24, "fields": {"sub_type": 1, "user": 26, "created_at": "2025-01-03T23:03:54.601", "till": "2025-03-07T17:24:30.997", "is_active": false}}, {"model": "api.usersubscription", "pk": 26, "fields": {"sub_type": 1, "user": 33, "created_at": "2025-01-19T22:46:34.726", "till": "2025-03-07T17:24:30.997", "is_active": false}}, {"model": "api.usersubscription", "pk": 27, "fields": {"sub_type": 1, "user": 12, "created_at": "2025-02-07T16:08:01.623", "till": "2025-03-07T17:24:30.997", "is_active": false}}, {"model": "api.usersubscription", "pk": 28, "fields": {"sub_type": 1, "user": 42, "created_at": "2025-02-07T16:08:11.337", "till": "2025-03-07T17:24:30.997", "is_active": false}}, {"model": "api.usersubscription", "pk": 32, "fields": {"sub_type": 2, "user": 12, "created_at": "2025-02-20T01:39:43.020", "till": "2025-03-07T17:24:30.997", "is_active": false}}, {"model": "api.usersubscription", "pk": 34, "fields": {"sub_type": 1, "user": 52, "created_at": "2025-02-27T13:11:30.049", "till": "2025-03-07T17:24:30.997", "is_active": false}}, {"model": "api.usersubscription", "pk": 35, "fields": {"sub_type": 1, "user": 53, "created_at": "2025-02-27T19:41:06.621", "till": "2025-03-07T17:24:30.997", "is_active": false}}, {"model": "api.usersubscription", "pk": 37, "fields": {"sub_type": 1, "user": 63, "created_at": "2025-03-09T16:36:40.373", "till": "2025-03-09T17:36:40.373", "is_active": false}}, {"model": "api.usersubscription", "pk": 39, "fields": {"sub_type": 2, "user": 13, "created_at": "2025-03-09T21:28:02.785", "till": "2025-03-16T21:28:02.785", "is_active": false}}, {"model": "api.usersubscription", "pk": 40, "fields": {"sub_type": 2, "user": 12, "created_at": "2025-03-09T21:31:46.852", "till": "2025-03-16T21:31:46.852", "is_active": false}}, {"model": "api.usersubscription", "pk": 42, "fields": {"sub_type": 1, "user": 64, "created_at": "2025-03-10T06:56:55.340", "till": "2025-03-10T07:56:55.340", "is_active": false}}, {"model": "api.usersubscription", "pk": 43, "fields": {"sub_type": 1, "user": 65, "created_at": "2025-03-13T22:40:57.102", "till": "2025-03-13T23:40:57.102", "is_active": false}}, {"model": "api.usersubscription", "pk": 44, "fields": {"sub_type": 1, "user": 66, "created_at": "2025-03-13T23:14:04.104", "till": "2025-03-14T00:14:04.104", "is_active": false}}, {"model": "api.usersubscription", "pk": 45, "fields": {"sub_type": 2, "user": 65, "created_at": "2025-03-13T23:51:37.497", "till": "2025-03-20T23:51:37.501", "is_active": false}}, {"model": "api.usersubscription", "pk": 46, "fields": {"sub_type": 2, "user": 66, "created_at": "2025-03-17T15:45:39.798", "till": "2025-03-24T15:45:39.800", "is_active": true}}, {"model": "api.userpromocode", "pk": 1, "fields": {"sub_type": 2, "is_active": false, "created_at": "2025-02-20T14:06:32.992", "updated_at": "2025-02-22T20:10:16.762", "promocode_text": "721bc746-a727-4576-9026-b39639284842"}}, {"model": "api.userpromocode", "pk": 2, "fields": {"sub_type": 2, "is_active": false, "created_at": "2025-02-22T20:22:23.119", "updated_at": "2025-02-22T21:08:25.717", "promocode_text": "9baf8f35-8919-4c0c-9cec-2e5799681785"}}, {"model": "api.admintelegramuser", "pk": 1, "fields": {"external_id": 225529144, "username": "igor_just_igor"}}, {"model": "api.admintelegramuser", "pk": 2, "fields": {"external_id": 6575593488, "username": "@Z_RUSSlA"}}, {"model": "api.payment", "pk": 15, "fields": {"status": "pending", "amount": "555.00", "user": 65, "created_at": "2025-03-15T15:10:54.249", "updated_at": "2025-03-15T15:10:54.249", "order_id": "626568"}}, {"model": "api.payment", "pk": 16, "fields": {"status": "pending", "amount": "555.00", "user": 65, "created_at": "2025-03-15T15:12:17.478", "updated_at": "2025-03-15T15:12:17.478", "order_id": "353963"}}, {"model": "api.payment", "pk": 17, "fields": {"status": "pending", "amount": "555.00", "user": 65, "created_at": "2025-03-15T15:14:17.632", "updated_at": "2025-03-15T15:14:17.632", "order_id": "309716"}}, {"model": "api.payment", "pk": 18, "fields": {"status": "pending", "amount": "555.00", "user": 65, "created_at": "2025-03-15T15:22:25.986", "updated_at": "2025-03-15T15:22:25.986", "order_id": "47232"}}, {"model": "api.payment", "pk": 19, "fields": {"status": "pending", "amount": "555.00", "user": 65, "created_at": "2025-03-15T15:27:08.806", "updated_at": "2025-03-15T15:27:08.806", "order_id": "40004"}}, {"model": "api.payment", "pk": 20, "fields": {"status": "pending", "amount": "555.00", "user": 65, "created_at": "2025-03-15T15:29:02.619", "updated_at": "2025-03-15T15:29:02.619", "order_id": "208352"}}, {"model": "api.payment", "pk": 21, "fields": {"status": "pending", "amount": "555.00", "user": 65, "created_at": "2025-03-15T15:37:01.490", "updated_at": "2025-03-15T15:37:01.490", "order_id": "133760"}}, {"model": "api.payment", "pk": 22, "fields": {"status": "pending", "amount": "555.00", "user": 65, "created_at": "2025-03-15T15:38:45.448", "updated_at": "2025-03-15T15:38:45.449", "order_id": "757485"}}, {"model": "api.payment", "pk": 23, "fields": {"status": "pending", "amount": "555.00", "user": 65, "created_at": "2025-03-15T15:40:41.073", "updated_at": "2025-03-15T15:40:41.073", "order_id": "740324"}}, {"model": "api.payment", "pk": 24, "fields": {"status": "pending", "amount": "555.00", "user": 65, "created_at": "2025-03-15T15:47:14.060", "updated_at": "2025-03-15T15:47:14.060", "order_id": "365981"}}, {"model": "api.payment", "pk": 25, "fields": {"status": "pending", "amount": "555.00", "user": 66, "created_at": "2025-03-16T11:43:07.893", "updated_at": "2025-03-16T11:43:07.893", "order_id": "66233"}}, {"model": "auth.permission", "fields": {"name": "Can add log entry", "content_type": ["admin", "logentry"], "codename": "add_logentry"}}, {"model": "auth.permission", "fields": {"name": "Can change log entry", "content_type": ["admin", "logentry"], "codename": "change_logentry"}}, {"model": "auth.permission", "fields": {"name": "Can delete log entry", "content_type": ["admin", "logentry"], "codename": "delete_logentry"}}, {"model": "auth.permission", "fields": {"name": "Can view log entry", "content_type": ["admin", "logentry"], "codename": "view_logentry"}}, {"model": "auth.permission", "fields": {"name": "Can add permission", "content_type": ["auth", "permission"], "codename": "add_permission"}}, {"model": "auth.permission", "fields": {"name": "Can change permission", "content_type": ["auth", "permission"], "codename": "change_permission"}}, {"model": "auth.permission", "fields": {"name": "Can delete permission", "content_type": ["auth", "permission"], "codename": "delete_permission"}}, {"model": "auth.permission", "fields": {"name": "Can view permission", "content_type": ["auth", "permission"], "codename": "view_permission"}}, {"model": "auth.permission", "fields": {"name": "Can add group", "content_type": ["auth", "group"], "codename": "add_group"}}, {"model": "auth.permission", "fields": {"name": "Can change group", "content_type": ["auth", "group"], "codename": "change_group"}}, {"model": "auth.permission", "fields": {"name": "Can delete group", "content_type": ["auth", "group"], "codename": "delete_group"}}, {"model": "auth.permission", "fields": {"name": "Can view group", "content_type": ["auth", "group"], "codename": "view_group"}}, {"model": "auth.permission", "fields": {"name": "Can add user", "content_type": ["auth", "user"], "codename": "add_user"}}, {"model": "auth.permission", "fields": {"name": "Can change user", "content_type": ["auth", "user"], "codename": "change_user"}}, {"model": "auth.permission", "fields": {"name": "Can delete user", "content_type": ["auth", "user"], "codename": "delete_user"}}, {"model": "auth.permission", "fields": {"name": "Can view user", "content_type": ["auth", "user"], "codename": "view_user"}}, {"model": "auth.permission", "fields": {"name": "Can add content type", "content_type": ["contenttypes", "contenttype"], "codename": "add_contenttype"}}, {"model": "auth.permission", "fields": {"name": "Can change content type", "content_type": ["contenttypes", "contenttype"], "codename": "change_contenttype"}}, {"model": "auth.permission", "fields": {"name": "Can delete content type", "content_type": ["contenttypes", "contenttype"], "codename": "delete_contenttype"}}, {"model": "auth.permission", "fields": {"name": "Can view content type", "content_type": ["contenttypes", "contenttype"], "codename": "view_contenttype"}}, {"model": "auth.permission", "fields": {"name": "Can add session", "content_type": ["sessions", "session"], "codename": "add_session"}}, {"model": "auth.permission", "fields": {"name": "Can change session", "content_type": ["sessions", "session"], "codename": "change_session"}}, {"model": "auth.permission", "fields": {"name": "Can delete session", "content_type": ["sessions", "session"], "codename": "delete_session"}}, {"model": "auth.permission", "fields": {"name": "Can view session", "content_type": ["sessions", "session"], "codename": "view_session"}}, {"model": "auth.permission", "fields": {"name": "Can add Админ", "content_type": ["api", "adminuser"], "codename": "add_adminuser"}}, {"model": "auth.permission", "fields": {"name": "Can change Админ", "content_type": ["api", "adminuser"], "codename": "change_adminuser"}}, {"model": "auth.permission", "fields": {"name": "Can delete Админ", "content_type": ["api", "adminuser"], "codename": "delete_adminuser"}}, {"model": "auth.permission", "fields": {"name": "Can view Админ", "content_type": ["api", "adminuser"], "codename": "view_adminuser"}}, {"model": "auth.permission", "fields": {"name": "Can add Типы подписок", "content_type": ["api", "subscriptiontype"], "codename": "add_subscriptiontype"}}, {"model": "auth.permission", "fields": {"name": "Can change Типы подписок", "content_type": ["api", "subscriptiontype"], "codename": "change_subscriptiontype"}}, {"model": "auth.permission", "fields": {"name": "Can delete Типы подписок", "content_type": ["api", "subscriptiontype"], "codename": "delete_subscriptiontype"}}, {"model": "auth.permission", "fields": {"name": "Can view Типы подписок", "content_type": ["api", "subscriptiontype"], "codename": "view_subscriptiontype"}}, {"model": "auth.permission", "fields": {"name": "Can add Пользователь", "content_type": ["api", "telegramuser"], "codename": "add_telegramuser"}}, {"model": "auth.permission", "fields": {"name": "Can change Пользователь", "content_type": ["api", "telegramuser"], "codename": "change_telegramuser"}}, {"model": "auth.permission", "fields": {"name": "Can delete Пользователь", "content_type": ["api", "telegramuser"], "codename": "delete_telegramuser"}}, {"model": "auth.permission", "fields": {"name": "Can view Пользователь", "content_type": ["api", "telegramuser"], "codename": "view_telegramuser"}}, {"model": "auth.permission", "fields": {"name": "Can add Действие пользователя", "content_type": ["api", "useraction"], "codename": "add_useraction"}}, {"model": "auth.permission", "fields": {"name": "Can change Действие пользователя", "content_type": ["api", "useraction"], "codename": "change_useraction"}}, {"model": "auth.permission", "fields": {"name": "Can delete Действие пользователя", "content_type": ["api", "useraction"], "codename": "delete_useraction"}}, {"model": "auth.permission", "fields": {"name": "Can view Действие пользователя", "content_type": ["api", "useraction"], "codename": "view_useraction"}}, {"model": "auth.permission", "fields": {"name": "Can add Подписка", "content_type": ["api", "usersubscription"], "codename": "add_usersubscription"}}, {"model": "auth.permission", "fields": {"name": "Can change Подписка", "content_type": ["api", "usersubscription"], "codename": "change_usersubscription"}}, {"model": "auth.permission", "fields": {"name": "Can delete Подписка", "content_type": ["api", "usersubscription"], "codename": "delete_usersubscription"}}, {"model": "auth.permission", "fields": {"name": "Can view Подписка", "content_type": ["api", "usersubscription"], "codename": "view_usersubscription"}}, {"model": "auth.permission", "fields": {"name": "Can add Тип запроса", "content_type": ["api", "actiontype"], "codename": "add_actiontype"}}, {"model": "auth.permission", "fields": {"name": "Can change Тип запроса", "content_type": ["api", "actiontype"], "codename": "change_actiontype"}}, {"model": "auth.permission", "fields": {"name": "Can delete Тип запроса", "content_type": ["api", "actiontype"], "codename": "delete_actiontype"}}, {"model": "auth.permission", "fields": {"name": "Can view Тип запроса", "content_type": ["api", "actiontype"], "codename": "view_actiontype"}}, {"model": "auth.permission", "fields": {"name": "Can add ИИ Модель", "content_type": ["api", "aimodel"], "codename": "add_aimodels"}}, {"model": "auth.permission", "fields": {"name": "Can change ИИ Модель", "content_type": ["api", "aimodel"], "codename": "change_aimodels"}}, {"model": "auth.permission", "fields": {"name": "Can delete ИИ Модель", "content_type": ["api", "aimodel"], "codename": "delete_aimodels"}}, {"model": "auth.permission", "fields": {"name": "Can view ИИ Модель", "content_type": ["api", "aimodel"], "codename": "view_aimodels"}}, {"model": "auth.permission", "fields": {"name": "Can add ИИ Модель", "content_type": ["api", "aimodel"], "codename": "add_aimodel"}}, {"model": "auth.permission", "fields": {"name": "Can change ИИ Модель", "content_type": ["api", "aimodel"], "codename": "change_aimodel"}}, {"model": "auth.permission", "fields": {"name": "Can delete ИИ Модель", "content_type": ["api", "aimodel"], "codename": "delete_aimodel"}}, {"model": "auth.permission", "fields": {"name": "Can view ИИ Модель", "content_type": ["api", "aimodel"], "codename": "view_aimodel"}}, {"model": "auth.permission", "fields": {"name": "Can add Token", "content_type": ["authtoken", "token"], "codename": "add_token"}}, {"model": "auth.permission", "fields": {"name": "Can change Token", "content_type": ["authtoken", "token"], "codename": "change_token"}}, {"model": "auth.permission", "fields": {"name": "Can delete Token", "content_type": ["authtoken", "token"], "codename": "delete_token"}}, {"model": "auth.permission", "fields": {"name": "Can view Token", "content_type": ["authtoken", "token"], "codename": "view_token"}}, {"model": "auth.permission", "fields": {"name": "Can add token", "content_type": ["authtoken", "tokenproxy"], "codename": "add_tokenproxy"}}, {"model": "auth.permission", "fields": {"name": "Can change token", "content_type": ["authtoken", "tokenproxy"], "codename": "change_tokenproxy"}}, {"model": "auth.permission", "fields": {"name": "Can delete token", "content_type": ["authtoken", "tokenproxy"], "codename": "delete_tokenproxy"}}, {"model": "auth.permission", "fields": {"name": "Can view token", "content_type": ["authtoken", "tokenproxy"], "codename": "view_tokenproxy"}}, {"model": "auth.permission", "fields": {"name": "Can add user promocode", "content_type": ["api", "userpromocode"], "codename": "add_userpromocode"}}, {"model": "auth.permission", "fields": {"name": "Can change user promocode", "content_type": ["api", "userpromocode"], "codename": "change_userpromocode"}}, {"model": "auth.permission", "fields": {"name": "Can delete user promocode", "content_type": ["api", "userpromocode"], "codename": "delete_userpromocode"}}, {"model": "auth.permission", "fields": {"name": "Can view user promocode", "content_type": ["api", "userpromocode"], "codename": "view_userpromocode"}}, {"model": "auth.permission", "fields": {"name": "Can add Админ", "content_type": ["api", "admintelegramuser"], "codename": "add_admintelegramuser"}}, {"model": "auth.permission", "fields": {"name": "Can change Админ", "content_type": ["api", "admintelegramuser"], "codename": "change_admintelegramuser"}}, {"model": "auth.permission", "fields": {"name": "Can delete Админ", "content_type": ["api", "admintelegramuser"], "codename": "delete_admintelegramuser"}}, {"model": "auth.permission", "fields": {"name": "Can view Админ", "content_type": ["api", "admintelegramuser"], "codename": "view_admintelegramuser"}}, {"model": "auth.permission", "fields": {"name": "Can add payment", "content_type": ["api", "payment"], "codename": "add_payment"}}, {"model": "auth.permission", "fields": {"name": "Can change payment", "content_type": ["api", "payment"], "codename": "change_payment"}}, {"model": "auth.permission", "fields": {"name": "Can delete payment", "content_type": ["api", "payment"], "codename": "delete_payment"}}, {"model": "auth.permission", "fields": {"name": "Can view payment", "content_type": ["api", "payment"], "codename": "view_payment"}}, {"model": "auth.user", "fields": {"password": "pbkdf2_sha256$870000$VJNv7XT3g1zoeS0EIsBZMF$5tuTFN5UvDHTny4SC4dBTZkSMzJFuGJotbFUvH1X5MI=", "last_login": "2025-03-17T15:45:21.926", "is_superuser": true, "username": "admin", "first_name": "", "last_name": "", "email": "", "is_staff": true, "is_active": true, "date_joined": "2024-12-16T13:14:23.198", "groups": [], "user_permissions": []}}, {"model": "auth.user", "fields": {"password": "pbkdf2_sha256$870000$9lQ8ORj0JtXSAdE2EtKj8c$grJMBTL57QPOxmAo9HASynxQFKBM4uVfXpqq6C5RFOQ=", "last_login": null, "is_superuser": true, "username": "root", "first_name": "", "last_name": "", "email": "", "is_staff": true, "is_active": true, "date_joined": "2024-12-21T20:20:25.081", "groups": [], "user_permissions": []}}, {"model": "authtoken.token", "pk": "42bdf8221ca4230aefa9a642cedb994dff0859b4", "fields": {"user": ["root"], "created": "2024-12-21T20:31:16.229"}}, {"model": "authtoken.token", "pk": "8c6dcb15fd4fb6b6051484a5153ff5d6ee8f86f6", "fields": {"user": ["admin"], "created": "2024-12-21T20:48:43.256"}}, {"model": "admin.logentry", "pk": 1, "fields": {"action_time": "2024-12-16T13:31:51.476", "user": ["admin"], "content_type": ["api", "subscriptiontype"], "object_id": "1", "object_repr": "hour", "action_flag": 1, "change_message": "[{\"added\": {}}]"}}, {"model": "admin.logentry", "pk": 2, "fields": {"action_time": "2024-12-16T13:32:03.797", "user": ["admin"], "content_type": ["api", "subscriptiontype"], "object_id": "2", "object_repr": "week", "action_flag": 1, "change_message": "[{\"added\": {}}]"}}, {"model": "admin.logentry", "pk": 3, "fields": {"action_time": "2024-12-16T23:55:43.967", "user": ["admin"], "content_type": ["api", "telegramuser"], "object_id": "2", "object_repr": "Z_RUSSlA", "action_flag": 3, "change_message": ""}}, {"model": "admin.logentry", "pk": 4, "fields": {"action_time": "2024-12-17T16:07:34.805", "user": ["admin"], "content_type": ["api", "usersubscription"], "object_id": "4", "object_repr": "UserSubscription object (4)", "action_flag": 3, "change_message": ""}}, {"model": "admin.logentry", "pk": 5, "fields": {"action_time": "2024-12-18T15:12:04.133", "user": ["admin"], "content_type": ["api", "usersubscription"], "object_id": "1", "object_repr": "UserSubscription object (1)", "action_flag": 2, "change_message": "[{\"changed\": {\"fields\": [\"Is active\"]}}]"}}, {"model": "admin.logentry", "pk": 6, "fields": {"action_time": "2024-12-18T23:19:27.932", "user": ["admin"], "content_type": ["api", "usersubscription"], "object_id": "1", "object_repr": "UserSubscription object (1)", "action_flag": 2, "change_message": "[{\"changed\": {\"fields\": [\"Is active\"]}}]"}}, {"model": "admin.logentry", "pk": 7, "fields": {"action_time": "2024-12-19T21:49:02.748", "user": ["admin"], "content_type": ["api", "usersubscription"], "object_id": "3", "object_repr": "Z_RUSSlA – hour ", "action_flag": 2, "change_message": "[{\"changed\": {\"fields\": [\"Is active\"]}}]"}}, {"model": "admin.logentry", "pk": 8, "fields": {"action_time": "2024-12-19T22:03:15.989", "user": ["admin"], "content_type": ["api", "subscriptiontype"], "object_id": "3", "object_repr": "lifetime", "action_flag": 1, "change_message": "[{\"added\": {}}]"}}, {"model": "admin.logentry", "pk": 9, "fields": {"action_time": "2024-12-21T20:31:16.230", "user": ["admin"], "content_type": ["authtoken", "tokenproxy"], "object_id": "2", "object_repr": "42bdf8221ca4230aefa9a642cedb994dff0859b4", "action_flag": 1, "change_message": "[{\"added\": {}}]"}}, {"model": "admin.logentry", "pk": 10, "fields": {"action_time": "2024-12-21T20:48:43.257", "user": ["admin"], "content_type": ["authtoken", "tokenproxy"], "object_id": "1", "object_repr": "8c6dcb15fd4fb6b6051484a5153ff5d6ee8f86f6", "action_flag": 1, "change_message": "[{\"added\": {}}]"}}, {"model": "admin.logentry", "pk": 11, "fields": {"action_time": "2024-12-21T21:23:54.166", "user": ["admin"], "content_type": ["api", "telegramuser"], "object_id": "4", "object_repr": "anton_bot_developer", "action_flag": 2, "change_message": "[{\"changed\": {\"fields\": [\"Balance\"]}}]"}}, {"model": "admin.logentry", "pk": 12, "fields": {"action_time": "2024-12-21T21:23:59.084", "user": ["admin"], "content_type": ["api", "telegramuser"], "object_id": "3", "object_repr": "Z_RUSSlA", "action_flag": 2, "change_message": "[{\"changed\": {\"fields\": [\"Balance\"]}}]"}}, {"model": "admin.logentry", "pk": 13, "fields": {"action_time": "2024-12-22T14:24:57.962", "user": ["admin"], "content_type": ["api", "usersubscription"], "object_id": "11", "object_repr": "igor_just_igor – week ", "action_flag": 1, "change_message": "[{\"added\": {}}]"}}, {"model": "admin.logentry", "pk": 14, "fields": {"action_time": "2024-12-22T14:33:45.630", "user": ["admin"], "content_type": ["api", "aimodel"], "object_id": "1", "object_repr": "⚡️GPT-4o-mini(gpt-4o-mini)", "action_flag": 1, "change_message": "[{\"added\": {}}]"}}, {"model": "admin.logentry", "pk": 15, "fields": {"action_time": "2024-12-22T14:34:34.187", "user": ["admin"], "content_type": ["api", "aimodel"], "object_id": "2", "object_repr": "⚡️GPT-4o-mini(gpt-4o-mini)", "action_flag": 1, "change_message": "[{\"added\": {}}]"}}, {"model": "admin.logentry", "pk": 16, "fields": {"action_time": "2024-12-22T14:34:53.675", "user": ["admin"], "content_type": ["api", "aimodel"], "object_id": "2", "object_repr": "⚡️GPT-4o(gpt-4o)", "action_flag": 2, "change_message": "[{\"changed\": {\"fields\": [\"Name\", \"Open ai name\"]}}]"}}, {"model": "admin.logentry", "pk": 17, "fields": {"action_time": "2024-12-22T14:35:52.780", "user": ["admin"], "content_type": ["api", "aimodel"], "object_id": "3", "object_repr": "GPT-4 Turbo(gpt-4-turbo)", "action_flag": 1, "change_message": "[{\"added\": {}}]"}}, {"model": "admin.logentry", "pk": 18, "fields": {"action_time": "2024-12-22T14:41:04.017", "user": ["admin"], "content_type": ["api", "actiontype"], "object_id": "1", "object_repr": "code_helper", "action_flag": 1, "change_message": "[{\"added\": {}}]"}}, {"model": "admin.logentry", "pk": 19, "fields": {"action_time": "2024-12-22T14:41:13.361", "user": ["admin"], "content_type": ["api", "actiontype"], "object_id": "2", "object_repr": "abstract_writer", "action_flag": 1, "change_message": "[{\"added\": {}}]"}}, {"model": "admin.logentry", "pk": 20, "fields": {"action_time": "2024-12-22T14:41:21.353", "user": ["admin"], "content_type": ["api", "actiontype"], "object_id": "3", "object_repr": "course_work_helper", "action_flag": 1, "change_message": "[{\"added\": {}}]"}}, {"model": "admin.logentry", "pk": 21, "fields": {"action_time": "2024-12-22T14:41:25.129", "user": ["admin"], "content_type": ["api", "actiontype"], "object_id": "4", "object_repr": "final_paper_helper", "action_flag": 1, "change_message": "[{\"added\": {}}]"}}, {"model": "admin.logentry", "pk": 22, "fields": {"action_time": "2024-12-22T14:41:29.048", "user": ["admin"], "content_type": ["api", "actiontype"], "object_id": "5", "object_repr": "photo_issue_helper", "action_flag": 1, "change_message": "[{\"added\": {}}]"}}, {"model": "admin.logentry", "pk": 23, "fields": {"action_time": "2024-12-22T14:41:32.553", "user": ["admin"], "content_type": ["api", "actiontype"], "object_id": "6", "object_repr": "chart_creator_helper", "action_flag": 1, "change_message": "[{\"added\": {}}]"}}, {"model": "admin.logentry", "pk": 24, "fields": {"action_time": "2024-12-22T14:41:35.910", "user": ["admin"], "content_type": ["api", "actiontype"], "object_id": "7", "object_repr": "power_point_helper", "action_flag": 1, "change_message": "[{\"added\": {}}]"}}, {"model": "admin.logentry", "pk": 25, "fields": {"action_time": "2024-12-22T14:41:39.649", "user": ["admin"], "content_type": ["api", "actiontype"], "object_id": "8", "object_repr": "default_mode", "action_flag": 1, "change_message": "[{\"added\": {}}]"}}, {"model": "admin.logentry", "pk": 26, "fields": {"action_time": "2024-12-22T15:55:10.106", "user": ["admin"], "content_type": ["api", "usersubscription"], "object_id": "11", "object_repr": "igor_just_igor – week ", "action_flag": 2, "change_message": "[{\"changed\": {\"fields\": [\"Is active\"]}}]"}}, {"model": "admin.logentry", "pk": 27, "fields": {"action_time": "2024-12-23T23:28:46.682", "user": ["admin"], "content_type": ["api", "usersubscription"], "object_id": "12", "object_repr": "Z_RUSSlA – lifetime ", "action_flag": 1, "change_message": "[{\"added\": {}}]"}}, {"model": "admin.logentry", "pk": 28, "fields": {"action_time": "2025-01-03T17:34:27.867", "user": ["admin"], "content_type": ["api", "telegramuser"], "object_id": "14", "object_repr": "KozlovVvictor", "action_flag": 3, "change_message": ""}}, {"model": "admin.logentry", "pk": 29, "fields": {"action_time": "2025-01-03T17:48:01.075", "user": ["admin"], "content_type": ["api", "usersubscription"], "object_id": "16", "object_repr": "igor_just_igor – hour ", "action_flag": 1, "change_message": "[{\"added\": {}}]"}}, {"model": "admin.logentry", "pk": 30, "fields": {"action_time": "2025-01-03T17:48:34.281", "user": ["admin"], "content_type": ["api", "telegramuser"], "object_id": "15", "object_repr": "KozlovVvictor", "action_flag": 3, "change_message": ""}}, {"model": "admin.logentry", "pk": 31, "fields": {"action_time": "2025-01-03T17:49:53.671", "user": ["admin"], "content_type": ["api", "telegramuser"], "object_id": "16", "object_repr": "KozlovVvictor", "action_flag": 3, "change_message": ""}}, {"model": "admin.logentry", "pk": 32, "fields": {"action_time": "2025-01-03T17:52:02.356", "user": ["admin"], "content_type": ["api", "telegramuser"], "object_id": "17", "object_repr": "KozlovVvictor", "action_flag": 3, "change_message": ""}}, {"model": "admin.logentry", "pk": 33, "fields": {"action_time": "2025-01-03T17:54:58.085", "user": ["admin"], "content_type": ["api", "telegramuser"], "object_id": "18", "object_repr": "KozlovVvictor", "action_flag": 3, "change_message": ""}}, {"model": "admin.logentry", "pk": 34, "fields": {"action_time": "2025-01-03T17:59:53.200", "user": ["admin"], "content_type": ["api", "usersubscription"], "object_id": "18", "object_repr": "igor_just_igor – hour ", "action_flag": 3, "change_message": ""}}, {"model": "admin.logentry", "pk": 35, "fields": {"action_time": "2025-01-03T17:59:53.200", "user": ["admin"], "content_type": ["api", "usersubscription"], "object_id": "17", "object_repr": "igor_just_igor – hour ", "action_flag": 3, "change_message": ""}}, {"model": "admin.logentry", "pk": 36, "fields": {"action_time": "2025-01-03T18:00:02.928", "user": ["admin"], "content_type": ["api", "usersubscription"], "object_id": "16", "object_repr": "igor_just_igor – hour ", "action_flag": 3, "change_message": ""}}, {"model": "admin.logentry", "pk": 37, "fields": {"action_time": "2025-01-03T18:02:47.446", "user": ["admin"], "content_type": ["api", "telegramuser"], "object_id": "19", "object_repr": "KozlovVvictor", "action_flag": 3, "change_message": ""}}, {"model": "admin.logentry", "pk": 38, "fields": {"action_time": "2025-01-03T18:04:11.694", "user": ["admin"], "content_type": ["api", "usersubscription"], "object_id": "19", "object_repr": "igor_just_igor – hour ", "action_flag": 2, "change_message": "[{\"changed\": {\"fields\": [\"Created at\"]}}]"}}, {"model": "admin.logentry", "pk": 39, "fields": {"action_time": "2025-01-03T18:04:28.056", "user": ["admin"], "content_type": ["api", "telegramuser"], "object_id": "20", "object_repr": "KozlovVvictor", "action_flag": 3, "change_message": ""}}, {"model": "admin.logentry", "pk": 40, "fields": {"action_time": "2025-01-03T18:24:24.596", "user": ["admin"], "content_type": ["api", "telegramuser"], "object_id": "21", "object_repr": "KozlovVvictor", "action_flag": 3, "change_message": ""}}, {"model": "admin.logentry", "pk": 41, "fields": {"action_time": "2025-01-03T18:26:37.495", "user": ["admin"], "content_type": ["api", "telegramuser"], "object_id": "22", "object_repr": "KozlovVvictor", "action_flag": 3, "change_message": ""}}, {"model": "admin.logentry", "pk": 42, "fields": {"action_time": "2025-01-03T22:41:03.555", "user": ["admin"], "content_type": ["api", "telegramuser"], "object_id": "23", "object_repr": "KozlovVvictor", "action_flag": 3, "change_message": ""}}, {"model": "admin.logentry", "pk": 43, "fields": {"action_time": "2025-01-03T23:00:55.885", "user": ["admin"], "content_type": ["api", "usersubscription"], "object_id": "21", "object_repr": "KozlovVvictor – hour ", "action_flag": 3, "change_message": ""}}, {"model": "admin.logentry", "pk": 44, "fields": {"action_time": "2025-01-03T23:02:20.439", "user": ["admin"], "content_type": ["api", "telegramuser"], "object_id": "24", "object_repr": "KozlovVvictor", "action_flag": 3, "change_message": ""}}, {"model": "admin.logentry", "pk": 45, "fields": {"action_time": "2025-01-03T23:03:03.706", "user": ["admin"], "content_type": ["api", "telegramuser"], "object_id": "25", "object_repr": "KozlovVvictor", "action_flag": 3, "change_message": ""}}, {"model": "admin.logentry", "pk": 46, "fields": {"action_time": "2025-01-05T16:54:56.445", "user": ["admin"], "content_type": ["api", "actiontype"], "object_id": "9", "object_repr": "rewriting_helper", "action_flag": 1, "change_message": "[{\"added\": {}}]"}}, {"model": "admin.logentry", "pk": 47, "fields": {"action_time": "2025-01-05T18:23:42.584", "user": ["admin"], "content_type": ["api", "telegramuser"], "object_id": "1", "object_repr": "igor_just_igor", "action_flag": 2, "change_message": "[{\"changed\": {\"fields\": [\"Balance\"]}}]"}}, {"model": "admin.logentry", "pk": 48, "fields": {"action_time": "2025-01-05T18:26:09.741", "user": ["admin"], "content_type": ["api", "usersubscription"], "object_id": "25", "object_repr": "igor_just_igor – week ", "action_flag": 1, "change_message": "[{\"added\": {}}]"}}, {"model": "admin.logentry", "pk": 49, "fields": {"action_time": "2025-01-11T16:04:59.609", "user": ["admin"], "content_type": ["api", "actiontype"], "object_id": "10", "object_repr": "essay_helper", "action_flag": 1, "change_message": "[{\"added\": {}}]"}}, {"model": "admin.logentry", "pk": 50, "fields": {"action_time": "2025-02-01T00:19:33.321", "user": ["admin"], "content_type": ["api", "aimodel"], "object_id": "4", "object_repr": "o3(o3-mini)", "action_flag": 1, "change_message": "[{\"added\": {}}]"}}, {"model": "admin.logentry", "pk": 51, "fields": {"action_time": "2025-02-18T00:33:09.402", "user": ["admin"], "content_type": ["api", "usersubscription"], "object_id": "30", "object_repr": "igor_just_igor – week ", "action_flag": 1, "change_message": "[{\"added\": {}}]"}}, {"model": "admin.logentry", "pk": 52, "fields": {"action_time": "2025-02-18T00:36:03.944", "user": ["admin"], "content_type": ["api", "telegramuser"], "object_id": "46", "object_repr": "gggg_manager", "action_flag": 3, "change_message": ""}}, {"model": "admin.logentry", "pk": 53, "fields": {"action_time": "2025-02-18T00:37:11.994", "user": ["admin"], "content_type": ["api", "telegramuser"], "object_id": "47", "object_repr": "gggg_manager", "action_flag": 3, "change_message": ""}}, {"model": "admin.logentry", "pk": 54, "fields": {"action_time": "2025-02-18T23:28:00.659", "user": ["admin"], "content_type": ["api", "telegramuser"], "object_id": "48", "object_repr": "gggg_manager", "action_flag": 3, "change_message": ""}}, {"model": "admin.logentry", "pk": 55, "fields": {"action_time": "2025-02-19T00:01:26.453", "user": ["admin"], "content_type": ["api", "subscriptiontype"], "object_id": "2", "object_repr": "week", "action_flag": 2, "change_message": "[{\"changed\": {\"fields\": [\"\\u0421\\u0442\\u043e\\u0438\\u043c\\u043e\\u0441\\u0442\\u044c\"]}}]"}}, {"model": "admin.logentry", "pk": 56, "fields": {"action_time": "2025-02-20T13:47:15.515", "user": ["admin"], "content_type": ["api", "admintelegramuser"], "object_id": "1", "object_repr": "igor_just_igor", "action_flag": 1, "change_message": "[{\"added\": {}}]"}}, {"model": "admin.logentry", "pk": 57, "fields": {"action_time": "2025-02-20T14:06:32.994", "user": ["admin"], "content_type": ["api", "userpromocode"], "object_id": "1", "object_repr": "week - ✅", "action_flag": 1, "change_message": "[{\"added\": {}}]"}}, {"model": "admin.logentry", "pk": 58, "fields": {"action_time": "2025-02-22T20:15:25.444", "user": ["admin"], "content_type": ["api", "usersubscription"], "object_id": "33", "object_repr": "igor_just_igor – week ", "action_flag": 3, "change_message": ""}}, {"model": "admin.logentry", "pk": 59, "fields": {"action_time": "2025-02-22T20:22:23.122", "user": ["admin"], "content_type": ["api", "userpromocode"], "object_id": "2", "object_repr": "week - ✅", "action_flag": 1, "change_message": "[{\"added\": {}}]"}}, {"model": "admin.logentry", "pk": 60, "fields": {"action_time": "2025-02-22T21:04:21.104", "user": ["admin"], "content_type": ["api", "userpromocode"], "object_id": "2", "object_repr": "week - ✅", "action_flag": 2, "change_message": "[{\"changed\": {\"fields\": [\"Is active\"]}}]"}}, {"model": "admin.logentry", "pk": 61, "fields": {"action_time": "2025-03-04T10:47:51.769", "user": ["admin"], "content_type": ["api", "admintelegramuser"], "object_id": "2", "object_repr": "@Z_RUSSlA", "action_flag": 1, "change_message": "[{\"added\": {}}]"}}, {"model": "admin.logentry", "pk": 62, "fields": {"action_time": "2025-03-07T17:36:04.037", "user": ["admin"], "content_type": ["api", "usersubscription"], "object_id": "36", "object_repr": "igor_just_igor – week ", "action_flag": 1, "change_message": "[{\"added\": {}}]"}}, {"model": "admin.logentry", "pk": 63, "fields": {"action_time": "2025-03-07T17:39:41.845", "user": ["admin"], "content_type": ["api", "usersubscription"], "object_id": "27", "object_repr": "ylmrz – hour ", "action_flag": 2, "change_message": "[{\"changed\": {\"fields\": [\"Is active\"]}}]"}}, {"model": "admin.logentry", "pk": 64, "fields": {"action_time": "2025-03-07T18:19:19.435", "user": ["admin"], "content_type": ["api", "usersubscription"], "object_id": "25", "object_repr": "igor_just_igor – week ", "action_flag": 2, "change_message": "[{\"changed\": {\"fields\": [\"Is active\"]}}]"}}, {"model": "admin.logentry", "pk": 65, "fields": {"action_time": "2025-03-07T18:24:04.418", "user": ["admin"], "content_type": ["api", "usersubscription"], "object_id": "30", "object_repr": "igor_just_igor – week ", "action_flag": 2, "change_message": "[{\"changed\": {\"fields\": [\"Is active\"]}}]"}}, {"model": "admin.logentry", "pk": 66, "fields": {"action_time": "2025-03-07T18:24:21.291", "user": ["admin"], "content_type": ["api", "usersubscription"], "object_id": "30", "object_repr": "igor_just_igor – week ", "action_flag": 2, "change_message": "[{\"changed\": {\"fields\": [\"Is active\"]}}]"}}, {"model": "admin.logentry", "pk": 67, "fields": {"action_time": "2025-03-07T18:24:48.078", "user": ["admin"], "content_type": ["api", "usersubscription"], "object_id": "30", "object_repr": "igor_just_igor – week ", "action_flag": 2, "change_message": "[{\"changed\": {\"fields\": [\"Is active\"]}}]"}}, {"model": "admin.logentry", "pk": 68, "fields": {"action_time": "2025-03-07T18:25:39.835", "user": ["admin"], "content_type": ["api", "usersubscription"], "object_id": "1", "object_repr": "igor_just_igor – hour ", "action_flag": 2, "change_message": "[{\"changed\": {\"fields\": [\"Is active\"]}}]"}}, {"model": "admin.logentry", "pk": 69, "fields": {"action_time": "2025-03-07T18:26:37.469", "user": ["admin"], "content_type": ["api", "telegramuser"], "object_id": "1", "object_repr": "igor_just_igor", "action_flag": 2, "change_message": "[{\"changed\": {\"fields\": [\"Is banned\"]}}]"}}, {"model": "admin.logentry", "pk": 70, "fields": {"action_time": "2025-03-07T18:26:46.765", "user": ["admin"], "content_type": ["api", "telegramuser"], "object_id": "1", "object_repr": "igor_just_igor", "action_flag": 2, "change_message": "[{\"changed\": {\"fields\": [\"Language\"]}}]"}}, {"model": "admin.logentry", "pk": 71, "fields": {"action_time": "2025-03-07T18:26:53.774", "user": ["admin"], "content_type": ["api", "telegramuser"], "object_id": "1", "object_repr": "igor_just_igor", "action_flag": 2, "change_message": "[{\"changed\": {\"fields\": [\"Language\"]}}]"}}, {"model": "admin.logentry", "pk": 72, "fields": {"action_time": "2025-03-07T18:50:15.373", "user": ["admin"], "content_type": ["api", "telegramuser"], "object_id": "1", "object_repr": "igor_just_igor", "action_flag": 2, "change_message": "[{\"changed\": {\"fields\": [\"Is banned\"]}}]"}}, {"model": "admin.logentry", "pk": 73, "fields": {"action_time": "2025-03-08T10:52:33.479", "user": ["admin"], "content_type": ["api", "usersubscription"], "object_id": "12", "object_repr": "Z_RUSSlA – lifetime ", "action_flag": 2, "change_message": "[{\"changed\": {\"fields\": [\"Is active\"]}}]"}}, {"model": "admin.logentry", "pk": 74, "fields": {"action_time": "2025-03-08T11:59:00.604", "user": ["admin"], "content_type": ["api", "usersubscription"], "object_id": "36", "object_repr": "igor_just_igor – lifetime ", "action_flag": 2, "change_message": "[{\"changed\": {\"fields\": [\"Sub type\"]}}]"}}, {"model": "admin.logentry", "pk": 75, "fields": {"action_time": "2025-03-09T18:26:24.688", "user": ["admin"], "content_type": ["api", "useraction"], "object_id": "363", "object_repr": "I – default_mode – default_mode", "action_flag": 3, "change_message": ""}}, {"model": "admin.logentry", "pk": 76, "fields": {"action_time": "2025-03-09T21:45:48.691", "user": ["admin"], "content_type": ["api", "usersubscription"], "object_id": "38", "object_repr": "igor_just_igor – week ", "action_flag": 3, "change_message": ""}}, {"model": "admin.logentry", "pk": 77, "fields": {"action_time": "2025-03-09T21:47:38.308", "user": ["admin"], "content_type": ["api", "usersubscription"], "object_id": "41", "object_repr": "igor_just_igor – week ", "action_flag": 1, "change_message": "[{\"added\": {}}]"}}, {"model": "admin.logentry", "pk": 78, "fields": {"action_time": "2025-03-09T22:06:39.262", "user": ["admin"], "content_type": ["api", "usersubscription"], "object_id": "41", "object_repr": "igor_just_igor – week ", "action_flag": 2, "change_message": "[{\"changed\": {\"fields\": [\"Is active\"]}}]"}}, {"model": "admin.logentry", "pk": 79, "fields": {"action_time": "2025-03-10T12:40:51.462", "user": ["admin"], "content_type": ["api", "usersubscription"], "object_id": "41", "object_repr": "igor_just_igor – week ", "action_flag": 2, "change_message": "[{\"changed\": {\"fields\": [\"Is active\"]}}]"}}, {"model": "admin.logentry", "pk": 80, "fields": {"action_time": "2025-03-10T12:43:40.241", "user": ["admin"], "content_type": ["api", "usersubscription"], "object_id": "41", "object_repr": "igor_just_igor – week ", "action_flag": 2, "change_message": "[{\"changed\": {\"fields\": [\"Is active\"]}}]"}}, {"model": "admin.logentry", "pk": 81, "fields": {"action_time": "2025-03-10T12:49:13.513", "user": ["admin"], "content_type": ["api", "usersubscription"], "object_id": "41", "object_repr": "igor_just_igor – week ", "action_flag": 2, "change_message": "[{\"changed\": {\"fields\": [\"Is active\"]}}]"}}, {"model": "admin.logentry", "pk": 82, "fields": {"action_time": "2025-03-13T22:13:58.024", "user": ["admin"], "content_type": ["api", "telegramuser"], "object_id": "1", "object_repr": "igor_just_igor", "action_flag": 3, "change_message": ""}}, {"model": "admin.logentry", "pk": 83, "fields": {"action_time": "2025-03-13T22:50:46.867", "user": ["admin"], "content_type": ["api", "useraction"], "object_id": "373", "object_repr": "I – rewriting_helper – rewriting_helper", "action_flag": 3, "change_message": ""}}, {"model": "admin.logentry", "pk": 84, "fields": {"action_time": "2025-03-13T22:54:46.367", "user": ["admin"], "content_type": ["api", "useraction"], "object_id": "374", "object_repr": "I – rewriting_helper – rewriting_helper", "action_flag": 3, "change_message": ""}}, {"model": "admin.logentry", "pk": 85, "fields": {"action_time": "2025-03-13T22:57:41.812", "user": ["admin"], "content_type": ["api", "useraction"], "object_id": "375", "object_repr": "I – rewriting_helper – rewriting_helper", "action_flag": 3, "change_message": ""}}, {"model": "admin.logentry", "pk": 86, "fields": {"action_time": "2025-03-13T23:02:42.817", "user": ["admin"], "content_type": ["api", "aimodel"], "object_id": "5", "object_repr": "o3-mini(o3-mini)", "action_flag": 1, "change_message": "[{\"added\": {}}]"}}, {"model": "admin.logentry", "pk": 87, "fields": {"action_time": "2025-03-13T23:11:00.307", "user": ["admin"], "content_type": ["api", "aimodel"], "object_id": "4", "object_repr": "o3(o3-mini)", "action_flag": 3, "change_message": ""}}, {"model": "admin.logentry", "pk": 88, "fields": {"action_time": "2025-03-13T23:51:37.502", "user": ["admin"], "content_type": ["api", "usersubscription"], "object_id": "45", "object_repr": "igor_just_igor – week ", "action_flag": 1, "change_message": "[{\"added\": {}}]"}}, {"model": "admin.logentry", "pk": 89, "fields": {"action_time": "2025-03-17T15:45:39.801", "user": ["admin"], "content_type": ["api", "usersubscription"], "object_id": "46", "object_repr": "Z_RUSSlA – week ", "action_flag": 1, "change_message": "[{\"added\": {}}]"}}]